//The list below is of 7102 families of index 2 Fano threefolds that occur as the output
//of the Brown-Kasprzyk program hypersurfaces.m.  Note that there is some redundancy with the 
//infinite series not eliminated here; the paper lists 7084 examples
sporadic2 := [
    [ 1, 1, 1, 1, 1, 3 ],
    [ 1, 1, 1, 1, 2, 4 ],
    [ 1, 1, 1, 2, 3, 6 ],
    [ 1, 1, 2, 2, 3, 7 ],
    [ 1, 1, 2, 3, 4, 9 ],
    [ 1, 1, 2, 3, 5, 10 ],
    [ 1, 1, 3, 4, 6, 13 ],
    [ 1, 1, 3, 5, 7, 15 ],
    [ 1, 1, 3, 5, 8, 16 ],
    [ 1, 1, 4, 7, 10, 21 ],
    [ 1, 1, 5, 8, 12, 25 ],
    [ 1, 1, 6, 10, 15, 31 ],
    [ 1, 2, 2, 2, 3, 8 ],
    [ 1, 2, 2, 2, 5, 10 ],
    [ 1, 2, 2, 3, 3, 9 ],
    [ 1, 2, 2, 3, 4, 10 ],
    [ 1, 2, 2, 3, 5, 11 ],
    [ 1, 2, 2, 3, 6, 12 ],
    [ 1, 2, 2, 4, 5, 12 ],
    [ 1, 2, 2, 4, 7, 14 ],
    [ 1, 2, 2, 5, 7, 15 ],
    [ 1, 2, 2, 5, 8, 16 ],
    [ 1, 2, 2, 6, 9, 18 ],
    [ 1, 2, 3, 4, 4, 12 ],
    [ 1, 2, 3, 4, 5, 13 ],
    [ 1, 2, 3, 4, 7, 15 ],
    [ 1, 2, 3, 4, 8, 16 ],
    [ 1, 2, 3, 5, 6, 15 ],
    [ 1, 2, 3, 5, 7, 16 ],
    [ 1, 2, 3, 5, 8, 17 ],
    [ 1, 2, 3, 5, 9, 18 ],
    [ 1, 2, 3, 7, 10, 21 ],
    [ 1, 2, 3, 7, 11, 22 ],
    [ 1, 2, 3, 8, 12, 24 ],
    [ 1, 2, 4, 5, 6, 16 ],
    [ 1, 2, 4, 5, 10, 20 ],
    [ 1, 2, 4, 6, 7, 18 ],
    [ 1, 2, 4, 6, 11, 22 ],
    [ 1, 2, 4, 7, 10, 22 ],
    [ 1, 2, 4, 9, 14, 28 ],
    [ 1, 2, 4, 10, 15, 30 ],
    [ 1, 2, 5, 7, 8, 21 ],
    [ 1, 2, 5, 7, 13, 26 ],
    [ 1, 2, 5, 12, 18, 36 ],
    [ 1, 2, 6, 8, 9, 24 ],
    [ 1, 2, 6, 8, 15, 30 ],
    [ 1, 2, 6, 14, 21, 42 ],
    [ 1, 3, 3, 3, 4, 12 ],
    [ 1, 3, 3, 3, 7, 15 ],
    [ 1, 3, 3, 4, 6, 15 ],
    [ 1, 3, 3, 5, 5, 15 ],
    [ 1, 3, 3, 6, 10, 21 ],
    [ 1, 3, 3, 7, 9, 21 ],
    [ 1, 3, 3, 7, 12, 24 ],
    [ 1, 3, 3, 9, 13, 27 ],
    [ 1, 3, 3, 10, 15, 30 ],
    [ 1, 3, 4, 4, 6, 16 ],
    [ 1, 3, 4, 6, 6, 18 ],
    [ 1, 3, 4, 6, 9, 21 ],
    [ 1, 3, 4, 6, 12, 24 ],
    [ 1, 3, 4, 8, 10, 24 ],
    [ 1, 3, 4, 8, 14, 28 ],
    [ 1, 3, 4, 12, 18, 36 ],
    [ 1, 3, 5, 6, 8, 21 ],
    [ 1, 3, 5, 7, 7, 21 ],
    [ 1, 3, 5, 7, 11, 25 ],
    [ 1, 3, 5, 7, 13, 27 ],
    [ 1, 3, 5, 7, 14, 28 ],
    [ 1, 3, 5, 8, 10, 25 ],
    [ 1, 3, 5, 8, 14, 29 ],
    [ 1, 3, 5, 11, 18, 36 ],
    [ 1, 3, 5, 13, 19, 39 ],
    [ 1, 3, 5, 13, 20, 40 ],
    [ 1, 3, 6, 7, 9, 24 ],
    [ 1, 3, 6, 8, 8, 24 ],
    [ 1, 3, 6, 9, 16, 33 ],
    [ 1, 3, 6, 10, 12, 30 ],
    [ 1, 3, 6, 10, 18, 36 ],
    [ 1, 3, 6, 13, 21, 42 ],
    [ 1, 3, 6, 15, 22, 45 ],
    [ 1, 3, 6, 16, 24, 48 ],
    [ 1, 3, 7, 9, 18, 36 ],
    [ 1, 3, 7, 10, 12, 31 ],
    [ 1, 3, 7, 17, 26, 52 ],
    [ 1, 3, 8, 10, 20, 40 ],
    [ 1, 3, 8, 12, 14, 36 ],
    [ 1, 3, 8, 20, 30, 60 ],
    [ 1, 3, 9, 12, 22, 45 ],
    [ 1, 3, 9, 13, 15, 39 ],
    [ 1, 3, 9, 13, 24, 48 ],
    [ 1, 3, 9, 21, 31, 63 ],
    [ 1, 3, 9, 22, 33, 66 ],
    [ 1, 3, 10, 13, 15, 40 ],
    [ 1, 3, 10, 23, 35, 70 ],
    [ 1, 3, 11, 15, 17, 45 ],
    [ 1, 3, 11, 26, 39, 78 ],
    [ 1, 3, 12, 16, 18, 48 ],
    [ 1, 3, 12, 16, 30, 60 ],
    [ 1, 3, 12, 28, 42, 84 ],
    [ 1, 4, 4, 4, 5, 16 ],
    [ 1, 4, 4, 5, 8, 20 ],
    [ 1, 4, 4, 5, 12, 24 ],
    [ 1, 4, 4, 7, 10, 24 ],
    [ 1, 4, 4, 7, 14, 28 ],
    [ 1, 4, 4, 9, 12, 28 ],
    [ 1, 4, 4, 13, 20, 40 ],
    [ 1, 4, 5, 5, 12, 25 ],
    [ 1, 4, 5, 7, 10, 25 ],
    [ 1, 4, 5, 8, 8, 24 ],
    [ 1, 4, 5, 8, 12, 28 ],
    [ 1, 4, 5, 12, 16, 36 ],
    [ 1, 4, 5, 12, 20, 40 ],
    [ 1, 4, 5, 15, 22, 45 ],
    [ 1, 4, 6, 6, 9, 24 ],
    [ 1, 4, 6, 6, 15, 30 ],
    [ 1, 4, 6, 7, 9, 25 ],
    [ 1, 4, 6, 8, 11, 28 ],
    [ 1, 4, 6, 9, 18, 36 ],
    [ 1, 4, 6, 11, 14, 34 ],
    [ 1, 4, 6, 12, 15, 36 ],
    [ 1, 4, 6, 14, 19, 42 ],
    [ 1, 4, 6, 14, 23, 46 ],
    [ 1, 4, 6, 17, 26, 52 ],
    [ 1, 4, 6, 18, 27, 54 ],
    [ 1, 4, 7, 8, 10, 28 ],
    [ 1, 4, 7, 8, 18, 36 ],
    [ 1, 4, 7, 10, 16, 36 ],
    [ 1, 4, 7, 10, 19, 39 ],
    [ 1, 4, 7, 20, 30, 60 ],
    [ 1, 4, 8, 9, 20, 40 ],
    [ 1, 4, 8, 11, 14, 36 ],
    [ 1, 4, 8, 11, 18, 40 ],
    [ 1, 4, 8, 11, 22, 44 ],
    [ 1, 4, 8, 13, 16, 40 ],
    [ 1, 4, 8, 21, 32, 64 ],
    [ 1, 4, 9, 11, 14, 37 ],
    [ 1, 4, 9, 12, 12, 36 ],
    [ 1, 4, 9, 12, 24, 48 ],
    [ 1, 4, 9, 15, 18, 45 ],
    [ 1, 4, 9, 20, 32, 64 ],
    [ 1, 4, 9, 24, 36, 72 ],
    [ 1, 4, 10, 12, 15, 40 ],
    [ 1, 4, 10, 15, 27, 55 ],
    [ 1, 4, 10, 22, 35, 70 ],
    [ 1, 4, 11, 14, 17, 45 ],
    [ 1, 4, 11, 14, 27, 55 ],
    [ 1, 4, 11, 14, 28, 56 ],
    [ 1, 4, 12, 15, 18, 48 ],
    [ 1, 4, 12, 15, 30, 60 ],
    [ 1, 4, 12, 17, 20, 52 ],
    [ 1, 4, 12, 29, 44, 88 ],
    [ 1, 4, 14, 20, 23, 60 ],
    [ 1, 4, 14, 34, 51, 102 ],
    [ 1, 4, 16, 21, 24, 64 ],
    [ 1, 4, 16, 37, 56, 112 ],
    [ 1, 4, 17, 23, 26, 69 ],
    [ 1, 4, 17, 40, 60, 120 ],
    [ 1, 4, 18, 24, 27, 72 ],
    [ 1, 4, 18, 42, 63, 126 ],
    [ 1, 5, 5, 6, 10, 25 ],
    [ 1, 5, 5, 6, 15, 30 ],
    [ 1, 5, 5, 9, 17, 35 ],
    [ 1, 5, 6, 10, 10, 30 ],
    [ 1, 5, 6, 10, 20, 40 ],
    [ 1, 5, 6, 15, 20, 45 ],
    [ 1, 5, 6, 20, 30, 60 ],
    [ 1, 5, 7, 7, 17, 35 ],
    [ 1, 5, 7, 10, 14, 35 ],
    [ 1, 5, 7, 14, 24, 49 ],
    [ 1, 5, 7, 17, 23, 51 ],
    [ 1, 5, 7, 17, 28, 56 ],
    [ 1, 5, 8, 8, 12, 32 ],
    [ 1, 5, 8, 8, 20, 40 ],
    [ 1, 5, 8, 11, 18, 41 ],
    [ 1, 5, 8, 12, 12, 36 ],
    [ 1, 5, 8, 12, 16, 40 ],
    [ 1, 5, 8, 12, 24, 48 ],
    [ 1, 5, 8, 16, 28, 56 ],
    [ 1, 5, 8, 23, 34, 69 ],
    [ 1, 5, 9, 10, 22, 45 ],
    [ 1, 5, 9, 12, 20, 45 ],
    [ 1, 5, 9, 20, 32, 65 ],
    [ 1, 5, 10, 14, 27, 55 ],
    [ 1, 5, 11, 15, 15, 45 ],
    [ 1, 5, 11, 15, 25, 55 ],
    [ 1, 5, 11, 15, 30, 60 ],
    [ 1, 5, 11, 18, 22, 55 ],
    [ 1, 5, 11, 18, 32, 65 ],
    [ 1, 5, 11, 25, 40, 80 ],
    [ 1, 5, 12, 20, 24, 60 ],
    [ 1, 5, 12, 32, 48, 96 ],
    [ 1, 5, 14, 17, 21, 56 ],
    [ 1, 5, 14, 35, 52, 105 ],
    [ 1, 5, 15, 19, 37, 75 ],
    [ 1, 5, 16, 20, 40, 80 ],
    [ 1, 5, 16, 23, 42, 85 ],
    [ 1, 5, 16, 40, 60, 120 ],
    [ 1, 5, 17, 24, 28, 73 ],
    [ 1, 5, 19, 27, 31, 81 ],
    [ 1, 5, 19, 27, 50, 100 ],
    [ 1, 5, 21, 28, 52, 105 ],
    [ 1, 5, 22, 29, 33, 88 ],
    [ 1, 5, 23, 31, 58, 116 ],
    [ 1, 5, 24, 32, 36, 96 ],
    [ 1, 5, 24, 32, 60, 120 ],
    [ 1, 6, 6, 7, 18, 36 ],
    [ 1, 6, 6, 8, 11, 30 ],
    [ 1, 6, 6, 10, 15, 36 ],
    [ 1, 6, 6, 16, 21, 48 ],
    [ 1, 6, 6, 16, 27, 54 ],
    [ 1, 6, 6, 22, 33, 66 ],
    [ 1, 6, 7, 9, 15, 36 ],
    [ 1, 6, 7, 9, 21, 42 ],
    [ 1, 6, 7, 12, 12, 36 ],
    [ 1, 6, 7, 12, 18, 42 ],
    [ 1, 6, 7, 12, 24, 48 ],
    [ 1, 6, 7, 16, 21, 49 ],
    [ 1, 6, 7, 16, 27, 55 ],
    [ 1, 6, 7, 18, 30, 60 ],
    [ 1, 6, 8, 9, 11, 33 ],
    [ 1, 6, 8, 10, 17, 40 ],
    [ 1, 6, 8, 10, 23, 46 ],
    [ 1, 6, 8, 18, 23, 54 ],
    [ 1, 6, 8, 20, 27, 60 ],
    [ 1, 6, 8, 26, 39, 78 ],
    [ 1, 6, 9, 9, 22, 45 ],
    [ 1, 6, 9, 10, 12, 36 ],
    [ 1, 6, 9, 13, 21, 48 ],
    [ 1, 6, 9, 14, 14, 42 ],
    [ 1, 6, 9, 21, 34, 69 ],
    [ 1, 6, 9, 22, 30, 66 ],
    [ 1, 6, 9, 22, 36, 72 ],
    [ 1, 6, 9, 27, 40, 81 ],
    [ 1, 6, 10, 10, 15, 40 ],
    [ 1, 6, 10, 15, 15, 45 ],
    [ 1, 6, 10, 15, 30, 60 ],
    [ 1, 6, 10, 20, 25, 60 ],
    [ 1, 6, 10, 20, 35, 70 ],
    [ 1, 6, 10, 23, 32, 70 ],
    [ 1, 6, 10, 30, 45, 90 ],
    [ 1, 6, 11, 20, 25, 61 ],
    [ 1, 6, 11, 26, 36, 78 ],
    [ 1, 6, 12, 14, 17, 48 ],
    [ 1, 6, 12, 16, 27, 60 ],
    [ 1, 6, 12, 22, 27, 66 ],
    [ 1, 6, 12, 22, 39, 78 ],
    [ 1, 6, 12, 28, 39, 84 ],
    [ 1, 6, 12, 34, 51, 102 ],
    [ 1, 6, 13, 15, 33, 66 ],
    [ 1, 6, 13, 18, 30, 66 ],
    [ 1, 6, 14, 16, 35, 70 ],
    [ 1, 6, 14, 18, 23, 60 ],
    [ 1, 6, 14, 23, 28, 70 ],
    [ 1, 6, 14, 23, 41, 83 ],
    [ 1, 6, 14, 32, 51, 102 ],
    [ 1, 6, 15, 20, 20, 60 ],
    [ 1, 6, 15, 25, 45, 90 ],
    [ 1, 6, 15, 33, 52, 105 ],
    [ 1, 6, 15, 40, 60, 120 ],
    [ 1, 6, 17, 21, 26, 69 ],
    [ 1, 6, 17, 38, 60, 120 ],
    [ 1, 6, 18, 22, 27, 72 ],
    [ 1, 6, 18, 40, 63, 126 ],
    [ 1, 6, 19, 24, 48, 96 ],
    [ 1, 6, 19, 28, 33, 85 ],
    [ 1, 6, 20, 30, 35, 90 ],
    [ 1, 6, 20, 50, 75, 150 ],
    [ 1, 6, 21, 51, 76, 153 ],
    [ 1, 6, 22, 53, 80, 160 ],
    [ 1, 6, 24, 34, 39, 102 ],
    [ 1, 6, 24, 34, 63, 126 ],
    [ 1, 6, 24, 58, 87, 174 ],
    [ 1, 6, 27, 63, 94, 189 ],
    [ 1, 6, 28, 65, 98, 196 ],
    [ 1, 6, 29, 39, 44, 117 ],
    [ 1, 6, 29, 68, 102, 204 ],
    [ 1, 6, 30, 40, 45, 120 ],
    [ 1, 6, 30, 40, 75, 150 ],
    [ 1, 6, 30, 70, 105, 210 ],
    [ 1, 7, 8, 14, 21, 49 ],
    [ 1, 7, 8, 14, 28, 56 ],
    [ 1, 7, 8, 28, 42, 84 ],
    [ 1, 7, 9, 9, 12, 36 ],
    [ 1, 7, 9, 10, 12, 37 ],
    [ 1, 7, 9, 20, 26, 61 ],
    [ 1, 7, 9, 21, 27, 63 ],
    [ 1, 7, 10, 24, 33, 73 ],
    [ 1, 7, 11, 11, 27, 55 ],
    [ 1, 7, 11, 22, 38, 77 ],
    [ 1, 7, 11, 27, 37, 81 ],
    [ 1, 7, 11, 27, 44, 88 ],
    [ 1, 7, 12, 18, 18, 54 ],
    [ 1, 7, 12, 18, 24, 60 ],
    [ 1, 7, 12, 24, 30, 72 ],
    [ 1, 7, 12, 24, 42, 84 ],
    [ 1, 7, 13, 30, 42, 91 ],
    [ 1, 7, 13, 37, 55, 111 ],
    [ 1, 7, 15, 35, 49, 105 ],
    [ 1, 7, 17, 23, 39, 85 ],
    [ 1, 7, 17, 23, 45, 91 ],
    [ 1, 7, 17, 23, 46, 92 ],
    [ 1, 7, 17, 45, 68, 136 ],
    [ 1, 7, 18, 24, 30, 78 ],
    [ 1, 7, 18, 48, 72, 144 ],
    [ 1, 7, 19, 42, 66, 133 ],
    [ 1, 7, 22, 49, 77, 154 ],
    [ 1, 7, 23, 34, 40, 103 ],
    [ 1, 7, 24, 30, 60, 120 ],
    [ 1, 7, 26, 63, 94, 189 ],
    [ 1, 7, 27, 38, 44, 115 ],
    [ 1, 7, 27, 65, 98, 196 ],
    [ 1, 7, 29, 70, 105, 210 ],
    [ 1, 7, 33, 77, 115, 231 ],
    [ 1, 7, 34, 45, 51, 136 ],
    [ 1, 7, 34, 79, 119, 238 ],
    [ 1, 7, 36, 84, 126, 252 ],
    [ 1, 8, 8, 10, 15, 40 ],
    [ 1, 8, 8, 21, 28, 64 ],
    [ 1, 8, 8, 29, 44, 88 ],
    [ 1, 8, 9, 12, 20, 48 ],
    [ 1, 8, 9, 16, 32, 64 ],
    [ 1, 8, 9, 24, 32, 72 ],
    [ 1, 8, 10, 10, 13, 40 ],
    [ 1, 8, 10, 12, 19, 48 ],
    [ 1, 8, 10, 16, 23, 56 ],
    [ 1, 8, 10, 23, 30, 70 ],
    [ 1, 8, 10, 23, 39, 79 ],
    [ 1, 8, 11, 14, 24, 56 ],
    [ 1, 8, 12, 15, 26, 60 ],
    [ 1, 8, 12, 29, 40, 88 ],
    [ 1, 8, 13, 19, 26, 65 ],
    [ 1, 8, 13, 20, 20, 60 ],
    [ 1, 8, 13, 20, 32, 72 ],
    [ 1, 8, 13, 32, 44, 96 ],
    [ 1, 8, 13, 32, 52, 104 ],
    [ 1, 8, 13, 39, 58, 117 ],
    [ 1, 8, 14, 14, 21, 56 ],
    [ 1, 8, 14, 14, 35, 70 ],
    [ 1, 8, 14, 28, 35, 84 ],
    [ 1, 8, 14, 42, 63, 126 ],
    [ 1, 8, 16, 29, 36, 88 ],
    [ 1, 8, 16, 37, 52, 112 ],
    [ 1, 8, 16, 45, 68, 136 ],
    [ 1, 8, 17, 20, 44, 88 ],
    [ 1, 8, 17, 40, 56, 120 ],
    [ 1, 8, 17, 48, 72, 144 ],
    [ 1, 8, 19, 22, 48, 96 ],
    [ 1, 8, 19, 26, 44, 96 ],
    [ 1, 8, 20, 23, 50, 100 ],
    [ 1, 8, 20, 27, 34, 88 ],
    [ 1, 8, 20, 27, 46, 100 ],
    [ 1, 8, 20, 27, 54, 108 ],
    [ 1, 8, 20, 53, 80, 160 ],
    [ 1, 8, 21, 28, 28, 84 ],
    [ 1, 8, 21, 28, 56, 112 ],
    [ 1, 8, 21, 35, 42, 105 ],
    [ 1, 8, 21, 56, 84, 168 ],
    [ 1, 8, 25, 56, 88, 176 ],
    [ 1, 8, 26, 32, 39, 104 ],
    [ 1, 8, 26, 39, 71, 143 ],
    [ 1, 8, 27, 34, 68, 136 ],
    [ 1, 8, 28, 35, 42, 112 ],
    [ 1, 8, 28, 35, 70, 140 ],
    [ 1, 8, 32, 45, 52, 136 ],
    [ 1, 8, 32, 77, 116, 232 ],
    [ 1, 8, 34, 48, 55, 144 ],
    [ 1, 8, 40, 53, 60, 160 ],
    [ 1, 8, 40, 93, 140, 280 ],
    [ 1, 8, 41, 96, 144, 288 ],
    [ 1, 8, 42, 56, 63, 168 ],
    [ 1, 9, 9, 11, 17, 45 ],
    [ 1, 9, 9, 24, 40, 81 ],
    [ 1, 9, 9, 33, 49, 99 ],
    [ 1, 9, 10, 12, 15, 45 ],
    [ 1, 9, 10, 27, 36, 81 ],
    [ 1, 9, 10, 27, 45, 90 ],
    [ 1, 9, 11, 14, 32, 65 ],
    [ 1, 9, 12, 12, 16, 48 ],
    [ 1, 9, 12, 15, 34, 69 ],
    [ 1, 9, 12, 39, 58, 117 ],
    [ 1, 9, 12, 40, 60, 120 ],
    [ 1, 9, 13, 15, 18, 54 ],
    [ 1, 9, 13, 29, 50, 100 ],
    [ 1, 9, 13, 42, 63, 126 ],
    [ 1, 9, 15, 17, 20, 60 ],
    [ 1, 9, 15, 22, 30, 75 ],
    [ 1, 9, 15, 22, 36, 81 ],
    [ 1, 9, 15, 23, 23, 69 ],
    [ 1, 9, 15, 30, 52, 105 ],
    [ 1, 9, 15, 45, 67, 135 ],
    [ 1, 9, 16, 16, 24, 64 ],
    [ 1, 9, 16, 24, 24, 72 ],
    [ 1, 9, 16, 24, 48, 96 ],
    [ 1, 9, 16, 48, 72, 144 ],
    [ 1, 9, 18, 33, 58, 117 ],
    [ 1, 9, 18, 51, 76, 153 ],
    [ 1, 9, 21, 24, 52, 105 ],
    [ 1, 9, 21, 48, 76, 153 ],
    [ 1, 9, 21, 49, 69, 147 ],
    [ 1, 9, 22, 30, 51, 111 ],
    [ 1, 9, 23, 30, 38, 99 ],
    [ 1, 9, 23, 38, 68, 137 ],
    [ 1, 9, 24, 32, 32, 96 ],
    [ 1, 9, 24, 40, 48, 120 ],
    [ 1, 9, 24, 40, 72, 144 ],
    [ 1, 9, 27, 60, 94, 189 ],
    [ 1, 9, 29, 36, 44, 117 ],
    [ 1, 9, 30, 67, 105, 210 ],
    [ 1, 9, 30, 75, 112, 225 ],
    [ 1, 9, 31, 39, 78, 156 ],
    [ 1, 9, 32, 48, 56, 144 ],
    [ 1, 9, 36, 51, 94, 189 ],
    [ 1, 9, 36, 87, 130, 261 ],
    [ 1, 9, 39, 94, 141, 282 ],
    [ 1, 9, 45, 60, 112, 225 ],
    [ 1, 9, 45, 105, 157, 315 ],
    [ 1, 9, 47, 63, 71, 189 ],
    [ 1, 9, 48, 112, 168, 336 ],
    [ 1, 10, 11, 15, 35, 70 ],
    [ 1, 10, 11, 30, 50, 100 ],
    [ 1, 10, 11, 40, 60, 120 ],
    [ 1, 10, 12, 14, 35, 70 ],
    [ 1, 10, 12, 15, 24, 60 ],
    [ 1, 10, 12, 30, 39, 90 ],
    [ 1, 10, 13, 17, 22, 61 ],
    [ 1, 10, 13, 43, 65, 130 ],
    [ 1, 10, 16, 20, 35, 80 ],
    [ 1, 10, 16, 40, 55, 120 ],
    [ 1, 10, 17, 25, 34, 85 ],
    [ 1, 10, 17, 34, 59, 119 ],
    [ 1, 10, 18, 18, 45, 90 ],
    [ 1, 10, 18, 27, 27, 81 ],
    [ 1, 10, 18, 27, 36, 90 ],
    [ 1, 10, 18, 27, 54, 108 ],
    [ 1, 10, 18, 36, 63, 126 ],
    [ 1, 10, 22, 40, 49, 120 ],
    [ 1, 10, 24, 32, 55, 120 ],
    [ 1, 10, 24, 55, 87, 175 ],
    [ 1, 10, 25, 34, 67, 135 ],
    [ 1, 10, 26, 30, 65, 130 ],
    [ 1, 10, 26, 35, 35, 105 ],
    [ 1, 10, 26, 35, 60, 130 ],
    [ 1, 10, 26, 35, 70, 140 ],
    [ 1, 10, 26, 43, 52, 130 ],
    [ 1, 10, 26, 60, 95, 190 ],
    [ 1, 10, 27, 45, 54, 135 ],
    [ 1, 10, 34, 85, 127, 255 ],
    [ 1, 10, 35, 44, 87, 175 ],
    [ 1, 10, 36, 45, 90, 180 ],
    [ 1, 10, 36, 90, 135, 270 ],
    [ 1, 10, 42, 59, 68, 178 ],
    [ 1, 10, 44, 62, 115, 230 ],
    [ 1, 10, 52, 69, 78, 208 ],
    [ 1, 10, 54, 72, 135, 270 ],
    [ 1, 11, 12, 44, 66, 132 ],
    [ 1, 11, 13, 16, 38, 77 ],
    [ 1, 11, 13, 32, 42, 97 ],
    [ 1, 11, 14, 18, 31, 73 ],
    [ 1, 11, 15, 25, 50, 100 ],
    [ 1, 11, 17, 42, 58, 127 ],
    [ 1, 11, 18, 27, 44, 99 ],
    [ 1, 11, 18, 44, 71, 143 ],
    [ 1, 11, 20, 20, 50, 100 ],
    [ 1, 11, 20, 30, 40, 100 ],
    [ 1, 11, 27, 36, 62, 135 ],
    [ 1, 11, 27, 62, 98, 197 ],
    [ 1, 11, 29, 38, 48, 125 ],
    [ 1, 11, 29, 39, 39, 117 ],
    [ 1, 11, 29, 39, 49, 127 ],
    [ 1, 11, 29, 77, 115, 231 ],
    [ 1, 11, 38, 57, 104, 209 ],
    [ 1, 11, 38, 95, 142, 285 ],
    [ 1, 11, 39, 97, 146, 292 ],
    [ 1, 11, 40, 50, 60, 160 ],
    [ 1, 11, 40, 60, 70, 180 ],
    [ 1, 11, 40, 60, 110, 220 ],
    [ 1, 11, 46, 65, 120, 241 ],
    [ 1, 11, 49, 69, 128, 256 ],
    [ 1, 11, 57, 76, 142, 285 ],
    [ 1, 11, 60, 80, 150, 300 ],
    [ 1, 12, 13, 48, 72, 144 ],
    [ 1, 12, 14, 24, 35, 84 ],
    [ 1, 12, 14, 35, 59, 119 ],
    [ 1, 12, 15, 40, 54, 120 ],
    [ 1, 12, 16, 16, 21, 64 ],
    [ 1, 12, 16, 21, 36, 84 ],
    [ 1, 12, 16, 21, 48, 96 ],
    [ 1, 12, 16, 27, 42, 96 ],
    [ 1, 12, 16, 27, 54, 108 ],
    [ 1, 12, 16, 53, 80, 160 ],
    [ 1, 12, 18, 40, 51, 120 ],
    [ 1, 12, 18, 58, 87, 174 ],
    [ 1, 12, 19, 24, 42, 96 ],
    [ 1, 12, 21, 21, 52, 105 ],
    [ 1, 12, 21, 24, 28, 84 ],
    [ 1, 12, 21, 32, 32, 96 ],
    [ 1, 12, 21, 52, 72, 156 ],
    [ 1, 12, 21, 52, 84, 168 ],
    [ 1, 12, 21, 63, 94, 189 ],
    [ 1, 12, 22, 33, 66, 132 ],
    [ 1, 12, 22, 44, 55, 132 ],
    [ 1, 12, 22, 66, 99, 198 ],
    [ 1, 12, 26, 47, 58, 142 ],
    [ 1, 12, 27, 32, 38, 108 ],
    [ 1, 12, 27, 76, 114, 228 ],
    [ 1, 12, 28, 65, 92, 196 ],
    [ 1, 12, 29, 68, 96, 204 ],
    [ 1, 12, 30, 70, 99, 210 ],
    [ 1, 12, 31, 36, 78, 156 ],
    [ 1, 12, 31, 42, 72, 156 ],
    [ 1, 12, 32, 53, 64, 160 ],
    [ 1, 12, 33, 44, 44, 132 ],
    [ 1, 12, 33, 88, 132, 264 ],
    [ 1, 12, 41, 92, 144, 288 ],
    [ 1, 12, 42, 52, 63, 168 ],
    [ 1, 12, 42, 94, 147, 294 ],
    [ 1, 12, 43, 54, 108, 216 ],
    [ 1, 12, 52, 125, 188, 376 ],
    [ 1, 12, 54, 76, 87, 228 ],
    [ 1, 12, 54, 130, 195, 390 ],
    [ 1, 12, 64, 149, 224, 448 ],
    [ 1, 12, 65, 152, 228, 456 ],
    [ 1, 12, 66, 88, 99, 264 ],
    [ 1, 12, 66, 154, 231, 462 ],
    [ 1, 13, 15, 18, 22, 67 ],
    [ 1, 13, 15, 26, 38, 91 ],
    [ 1, 13, 18, 42, 72, 144 ],
    [ 1, 13, 22, 55, 76, 165 ],
    [ 1, 13, 23, 34, 56, 125 ],
    [ 1, 13, 23, 35, 35, 105 ],
    [ 1, 13, 23, 35, 57, 127 ],
    [ 1, 13, 23, 69, 103, 207 ],
    [ 1, 13, 24, 36, 72, 144 ],
    [ 1, 13, 24, 48, 60, 144 ],
    [ 1, 13, 28, 33, 72, 145 ],
    [ 1, 13, 28, 51, 90, 181 ],
    [ 1, 13, 33, 76, 120, 241 ],
    [ 1, 13, 35, 58, 70, 175 ],
    [ 1, 13, 35, 81, 128, 256 ],
    [ 1, 13, 36, 48, 48, 144 ],
    [ 1, 13, 36, 48, 60, 156 ],
    [ 1, 13, 36, 48, 96, 192 ],
    [ 1, 13, 36, 60, 108, 216 ],
    [ 1, 13, 46, 115, 172, 345 ],
    [ 1, 13, 47, 59, 71, 189 ],
    [ 1, 13, 48, 120, 180, 360 ],
    [ 1, 14, 16, 42, 55, 126 ],
    [ 1, 14, 18, 48, 65, 144 ],
    [ 1, 14, 19, 25, 32, 89 ],
    [ 1, 14, 19, 63, 94, 189 ],
    [ 1, 14, 24, 59, 82, 178 ],
    [ 1, 14, 26, 52, 91, 182 ],
    [ 1, 14, 32, 90, 135, 270 ],
    [ 1, 14, 34, 79, 112, 238 ],
    [ 1, 14, 36, 84, 119, 252 ],
    [ 1, 14, 38, 101, 152, 304 ],
    [ 1, 14, 39, 52, 65, 169 ],
    [ 1, 14, 47, 105, 164, 329 ],
    [ 1, 14, 50, 112, 175, 350 ],
    [ 1, 14, 51, 76, 89, 229 ],
    [ 1, 14, 61, 147, 220, 441 ],
    [ 1, 14, 62, 149, 224, 448 ],
    [ 1, 14, 64, 154, 231, 462 ],
    [ 1, 14, 75, 175, 262, 525 ],
    [ 1, 14, 76, 177, 266, 532 ],
    [ 1, 14, 78, 182, 273, 546 ],
    [ 1, 15, 18, 21, 52, 105 ],
    [ 1, 15, 20, 26, 45, 105 ],
    [ 1, 15, 20, 34, 67, 135 ],
    [ 1, 15, 21, 35, 35, 105 ],
    [ 1, 15, 21, 70, 105, 210 ],
    [ 1, 15, 22, 49, 84, 169 ],
    [ 1, 15, 26, 30, 35, 105 ],
    [ 1, 15, 26, 65, 90, 195 ],
    [ 1, 15, 27, 27, 67, 135 ],
    [ 1, 15, 27, 40, 54, 135 ],
    [ 1, 15, 27, 54, 94, 189 ],
    [ 1, 15, 28, 56, 98, 196 ],
    [ 1, 15, 39, 45, 97, 195 ],
    [ 1, 15, 39, 52, 90, 195 ],
    [ 1, 15, 39, 90, 142, 285 ],
    [ 1, 15, 41, 55, 55, 165 ],
    [ 1, 15, 41, 55, 95, 205 ],
    [ 1, 15, 41, 55, 110, 220 ],
    [ 1, 15, 41, 95, 150, 300 ],
    [ 1, 15, 42, 70, 84, 210 ],
    [ 1, 15, 54, 67, 81, 216 ],
    [ 1, 15, 54, 135, 202, 405 ],
    [ 1, 15, 56, 70, 140, 280 ],
    [ 1, 15, 56, 140, 210, 420 ],
    [ 1, 15, 66, 93, 172, 345 ],
    [ 1, 15, 69, 97, 111, 291 ],
    [ 1, 15, 69, 97, 180, 360 ],
    [ 1, 15, 81, 108, 202, 405 ],
    [ 1, 15, 84, 112, 126, 336 ],
    [ 1, 15, 84, 112, 210, 420 ],
    [ 1, 16, 18, 21, 27, 81 ],
    [ 1, 16, 18, 24, 39, 96 ],
    [ 1, 16, 18, 47, 62, 142 ],
    [ 1, 16, 18, 48, 63, 144 ],
    [ 1, 16, 20, 23, 58, 116 ],
    [ 1, 16, 20, 53, 72, 160 ],
    [ 1, 16, 21, 25, 60, 121 ],
    [ 1, 16, 21, 28, 48, 112 ],
    [ 1, 16, 21, 55, 90, 181 ],
    [ 1, 16, 21, 56, 76, 168 ],
    [ 1, 16, 24, 53, 68, 160 ],
    [ 1, 16, 24, 77, 116, 232 ],
    [ 1, 16, 28, 32, 37, 112 ],
    [ 1, 16, 28, 35, 62, 140 ],
    [ 1, 16, 28, 69, 96, 208 ],
    [ 1, 16, 29, 43, 58, 145 ],
    [ 1, 16, 29, 44, 72, 160 ],
    [ 1, 16, 29, 72, 100, 216 ],
    [ 1, 16, 29, 72, 116, 232 ],
    [ 1, 16, 30, 90, 135, 270 ],
    [ 1, 16, 36, 101, 152, 304 ],
    [ 1, 16, 37, 44, 52, 148 ],
    [ 1, 16, 37, 44, 96, 192 ],
    [ 1, 16, 37, 104, 156, 312 ],
    [ 1, 16, 40, 93, 132, 280 ],
    [ 1, 16, 41, 96, 136, 288 ],
    [ 1, 16, 44, 51, 110, 220 ],
    [ 1, 16, 44, 59, 74, 192 ],
    [ 1, 16, 44, 59, 102, 220 ],
    [ 1, 16, 44, 59, 118, 236 ],
    [ 1, 16, 44, 117, 176, 352 ],
    [ 1, 16, 45, 60, 120, 240 ],
    [ 1, 16, 45, 75, 90, 225 ],
    [ 1, 16, 45, 120, 180, 360 ],
    [ 1, 16, 57, 128, 200, 400 ],
    [ 1, 16, 58, 72, 87, 232 ],
    [ 1, 16, 58, 87, 159, 319 ],
    [ 1, 16, 60, 75, 90, 240 ],
    [ 1, 16, 60, 75, 150, 300 ],
    [ 1, 16, 72, 101, 116, 304 ],
    [ 1, 16, 72, 173, 260, 520 ],
    [ 1, 16, 74, 104, 119, 312 ],
    [ 1, 16, 88, 117, 132, 352 ],
    [ 1, 16, 88, 205, 308, 616 ],
    [ 1, 16, 89, 208, 312, 624 ],
    [ 1, 16, 90, 120, 135, 360 ],
    [ 1, 17, 19, 22, 28, 85 ],
    [ 1, 17, 19, 26, 60, 121 ],
    [ 1, 17, 19, 50, 84, 169 ],
    [ 1, 17, 19, 51, 67, 153 ],
    [ 1, 17, 20, 24, 60, 120 ],
    [ 1, 17, 24, 40, 40, 120 ],
    [ 1, 17, 24, 40, 56, 136 ],
    [ 1, 17, 24, 40, 80, 160 ],
    [ 1, 17, 24, 56, 96, 192 ],
    [ 1, 17, 31, 47, 77, 171 ],
    [ 1, 17, 44, 59, 102, 221 ],
    [ 1, 17, 47, 63, 79, 205 ],
    [ 1, 17, 47, 63, 125, 251 ],
    [ 1, 17, 48, 64, 128, 256 ],
    [ 1, 17, 61, 76, 92, 245 ],
    [ 1, 17, 64, 80, 96, 256 ],
    [ 1, 17, 95, 127, 143, 381 ],
    [ 1, 17, 95, 127, 238, 476 ],
    [ 1, 18, 20, 53, 70, 160 ],
    [ 1, 18, 21, 25, 63, 126 ],
    [ 1, 18, 22, 27, 33, 99 ],
    [ 1, 18, 22, 60, 99, 198 ],
    [ 1, 18, 24, 40, 63, 144 ],
    [ 1, 18, 25, 42, 42, 126 ],
    [ 1, 18, 25, 42, 66, 150 ],
    [ 1, 18, 25, 42, 84, 168 ],
    [ 1, 18, 25, 66, 108, 216 ],
    [ 1, 18, 27, 87, 130, 261 ],
    [ 1, 18, 28, 90, 135, 270 ],
    [ 1, 18, 33, 49, 81, 180 ],
    [ 1, 18, 33, 99, 148, 297 ],
    [ 1, 18, 34, 102, 153, 306 ],
    [ 1, 18, 42, 50, 59, 168 ],
    [ 1, 18, 42, 76, 135, 270 ],
    [ 1, 18, 48, 112, 159, 336 ],
    [ 1, 18, 49, 66, 114, 246 ],
    [ 1, 18, 50, 66, 83, 216 ],
    [ 1, 18, 50, 83, 149, 299 ],
    [ 1, 18, 51, 85, 153, 306 ],
    [ 1, 18, 63, 141, 220, 441 ],
    [ 1, 18, 65, 81, 98, 261 ],
    [ 1, 18, 66, 148, 231, 462 ],
    [ 1, 18, 67, 84, 168, 336 ],
    [ 1, 18, 68, 102, 119, 306 ],
    [ 1, 18, 81, 195, 292, 585 ],
    [ 1, 18, 84, 202, 303, 606 ],
    [ 1, 18, 99, 231, 346, 693 ],
    [ 1, 18, 101, 135, 152, 405 ],
    [ 1, 18, 102, 238, 357, 714 ],
    [ 1, 19, 21, 28, 66, 133 ],
    [ 1, 19, 21, 56, 94, 189 ],
    [ 1, 19, 24, 30, 42, 114 ],
    [ 1, 19, 24, 30, 72, 144 ],
    [ 1, 19, 24, 84, 126, 252 ],
    [ 1, 19, 25, 33, 57, 133 ],
    [ 1, 19, 27, 45, 63, 153 ],
    [ 1, 19, 33, 82, 114, 247 ],
    [ 1, 19, 35, 52, 86, 191 ],
    [ 1, 19, 36, 108, 162, 324 ],
    [ 1, 19, 52, 70, 121, 261 ],
    [ 1, 19, 52, 70, 139, 279 ],
    [ 1, 19, 53, 70, 88, 229 ],
    [ 1, 19, 54, 90, 162, 324 ],
    [ 1, 19, 71, 89, 107, 285 ],
    [ 1, 19, 71, 89, 177, 355 ],
    [ 1, 19, 71, 89, 178, 356 ],
    [ 1, 19, 71, 177, 266, 532 ],
    [ 1, 19, 72, 108, 126, 324 ],
    [ 1, 20, 25, 29, 72, 145 ],
    [ 1, 20, 26, 30, 75, 150 ],
    [ 1, 20, 28, 33, 52, 132 ],
    [ 1, 20, 28, 33, 80, 160 ],
    [ 1, 20, 28, 37, 64, 148 ],
    [ 1, 20, 28, 37, 84, 168 ],
    [ 1, 20, 28, 47, 66, 160 ],
    [ 1, 20, 28, 47, 74, 168 ],
    [ 1, 20, 28, 47, 94, 188 ],
    [ 1, 20, 28, 93, 140, 280 ],
    [ 1, 20, 36, 45, 80, 180 ],
    [ 1, 20, 46, 55, 65, 185 ],
    [ 1, 20, 55, 74, 147, 295 ],
    [ 1, 20, 56, 65, 140, 280 ],
    [ 1, 20, 56, 75, 130, 280 ],
    [ 1, 20, 56, 75, 150, 300 ],
    [ 1, 20, 56, 93, 112, 280 ],
    [ 1, 20, 75, 94, 187, 375 ],
    [ 1, 20, 76, 95, 190, 380 ],
    [ 1, 20, 92, 129, 148, 388 ],
    [ 1, 20, 112, 149, 168, 448 ],
    [ 1, 21, 26, 91, 136, 273 ],
    [ 1, 21, 29, 49, 77, 175 ],
    [ 1, 21, 30, 70, 90, 210 ],
    [ 1, 21, 33, 39, 46, 138 ],
    [ 1, 21, 33, 73, 93, 219 ],
    [ 1, 21, 33, 73, 126, 252 ],
    [ 1, 21, 38, 94, 131, 283 ],
    [ 1, 21, 39, 78, 136, 273 ],
    [ 1, 21, 39, 97, 135, 291 ],
    [ 1, 21, 39, 97, 156, 312 ],
    [ 1, 21, 48, 135, 202, 405 ],
    [ 1, 21, 57, 133, 189, 399 ],
    [ 1, 21, 59, 79, 137, 295 ],
    [ 1, 21, 59, 79, 157, 315 ],
    [ 1, 21, 59, 79, 158, 316 ],
    [ 1, 21, 59, 157, 236, 472 ],
    [ 1, 21, 60, 160, 240, 480 ],
    [ 1, 21, 75, 168, 262, 525 ],
    [ 1, 21, 78, 175, 273, 546 ],
    [ 1, 21, 80, 100, 200, 400 ],
    [ 1, 21, 96, 231, 346, 693 ],
    [ 1, 21, 97, 136, 156, 409 ],
    [ 1, 21, 99, 238, 357, 714 ],
    [ 1, 21, 117, 273, 409, 819 ],
    [ 1, 21, 118, 157, 177, 472 ],
    [ 1, 21, 120, 280, 420, 840 ],
    [ 1, 22, 27, 33, 40, 121 ],
    [ 1, 22, 28, 35, 49, 133 ],
    [ 1, 22, 31, 52, 73, 177 ],
    [ 1, 22, 31, 52, 103, 207 ],
    [ 1, 22, 40, 60, 99, 220 ],
    [ 1, 22, 40, 99, 159, 319 ],
    [ 1, 22, 51, 61, 72, 205 ],
    [ 1, 22, 60, 80, 139, 300 ],
    [ 1, 22, 60, 139, 219, 439 ],
    [ 1, 22, 62, 165, 247, 495 ],
    [ 1, 22, 82, 205, 307, 615 ],
    [ 1, 22, 84, 126, 231, 462 ],
    [ 1, 22, 101, 142, 263, 527 ],
    [ 1, 22, 104, 146, 271, 542 ],
    [ 1, 22, 123, 164, 307, 615 ],
    [ 1, 22, 126, 168, 315, 630 ],
    [ 1, 23, 32, 54, 85, 193 ],
    [ 1, 23, 32, 54, 107, 215 ],
    [ 1, 23, 33, 77, 99, 231 ],
    [ 1, 23, 42, 63, 104, 231 ],
    [ 1, 23, 53, 63, 137, 275 ],
    [ 1, 23, 87, 130, 152, 391 ],
    [ 1, 23, 88, 132, 242, 484 ],
    [ 1, 24, 30, 38, 53, 144 ],
    [ 1, 24, 30, 82, 135, 270 ],
    [ 1, 24, 33, 88, 120, 264 ],
    [ 1, 24, 34, 40, 63, 160 ],
    [ 1, 24, 34, 56, 79, 192 ],
    [ 1, 24, 34, 79, 135, 271 ],
    [ 1, 24, 38, 84, 107, 252 ],
    [ 1, 24, 43, 54, 96, 216 ],
    [ 1, 24, 45, 52, 60, 180 ],
    [ 1, 24, 45, 112, 156, 336 ],
    [ 1, 24, 45, 112, 180, 360 ],
    [ 1, 24, 45, 135, 202, 405 ],
    [ 1, 24, 57, 160, 240, 480 ],
    [ 1, 24, 64, 149, 212, 448 ],
    [ 1, 24, 65, 152, 216, 456 ],
    [ 1, 24, 67, 78, 168, 336 ],
    [ 1, 24, 67, 90, 156, 336 ],
    [ 1, 24, 69, 184, 276, 552 ],
    [ 1, 24, 89, 200, 312, 624 ],
    [ 1, 24, 90, 112, 135, 360 ],
    [ 1, 24, 91, 114, 228, 456 ],
    [ 1, 24, 112, 269, 404, 808 ],
    [ 1, 24, 114, 160, 183, 480 ],
    [ 1, 24, 136, 317, 476, 952 ],
    [ 1, 24, 137, 320, 480, 960 ],
    [ 1, 24, 138, 184, 207, 552 ],
    [ 1, 25, 30, 36, 90, 180 ],
    [ 1, 25, 35, 41, 65, 165 ],
    [ 1, 25, 35, 46, 80, 185 ],
    [ 1, 25, 35, 59, 117, 235 ],
    [ 1, 25, 45, 56, 100, 225 ],
    [ 1, 25, 47, 117, 163, 351 ],
    [ 1, 25, 47, 117, 188, 376 ],
    [ 1, 25, 68, 91, 158, 341 ],
    [ 1, 25, 70, 94, 187, 375 ],
    [ 1, 25, 71, 118, 212, 425 ],
    [ 1, 25, 72, 192, 288, 576 ],
    [ 1, 25, 94, 117, 141, 376 ],
    [ 1, 25, 95, 119, 237, 475 ],
    [ 1, 25, 119, 167, 191, 501 ],
    [ 1, 25, 143, 191, 358, 716 ],
    [ 1, 25, 144, 192, 216, 576 ],
    [ 1, 26, 33, 41, 98, 197 ],
    [ 1, 26, 36, 48, 83, 192 ],
    [ 1, 26, 36, 60, 95, 216 ],
    [ 1, 26, 36, 95, 155, 311 ],
    [ 1, 26, 37, 61, 86, 209 ],
    [ 1, 26, 48, 120, 167, 360 ],
    [ 1, 26, 62, 74, 161, 322 ],
    [ 1, 26, 62, 112, 199, 398 ],
    [ 1, 26, 74, 172, 271, 542 ],
    [ 1, 26, 100, 250, 375, 750 ],
    [ 1, 27, 33, 90, 148, 297 ],
    [ 1, 27, 34, 43, 60, 163 ],
    [ 1, 27, 37, 99, 135, 297 ],
    [ 1, 27, 38, 50, 113, 227 ],
    [ 1, 27, 39, 130, 195, 390 ],
    [ 1, 27, 42, 135, 202, 405 ],
    [ 1, 27, 51, 153, 229, 459 ],
    [ 1, 27, 63, 114, 202, 405 ],
    [ 1, 27, 99, 222, 346, 693 ],
    [ 1, 27, 101, 126, 152, 405 ],
    [ 1, 27, 126, 303, 454, 909 ],
    [ 1, 27, 153, 357, 535, 1071 ],
    [ 1, 27, 155, 207, 233, 621 ],
    [ 1, 28, 36, 63, 126, 252 ],
    [ 1, 28, 39, 46, 111, 223 ],
    [ 1, 28, 40, 93, 120, 280 ],
    [ 1, 28, 44, 52, 61, 184 ],
    [ 1, 28, 44, 97, 124, 292 ],
    [ 1, 28, 52, 129, 180, 388 ],
    [ 1, 28, 76, 177, 252, 532 ],
    [ 1, 28, 78, 182, 259, 546 ],
    [ 1, 28, 80, 213, 320, 640 ],
    [ 1, 28, 106, 238, 371, 742 ],
    [ 1, 28, 132, 317, 476, 952 ],
    [ 1, 28, 134, 322, 483, 966 ],
    [ 1, 28, 160, 373, 560, 1120 ],
    [ 1, 28, 162, 378, 567, 1134 ],
    [ 1, 29, 40, 67, 106, 241 ],
    [ 1, 29, 41, 48, 76, 193 ],
    [ 1, 29, 54, 134, 215, 431 ],
    [ 1, 29, 81, 94, 202, 405 ],
    [ 1, 29, 83, 221, 331, 663 ],
    [ 1, 30, 36, 43, 108, 216 ],
    [ 1, 30, 36, 50, 65, 180 ],
    [ 1, 30, 36, 130, 195, 390 ],
    [ 1, 30, 39, 45, 112, 225 ],
    [ 1, 30, 47, 104, 179, 359 ],
    [ 1, 30, 56, 65, 75, 225 ],
    [ 1, 30, 56, 70, 125, 280 ],
    [ 1, 30, 56, 140, 195, 420 ],
    [ 1, 30, 72, 130, 159, 390 ],
    [ 1, 30, 84, 112, 195, 420 ],
    [ 1, 30, 86, 100, 215, 430 ],
    [ 1, 30, 86, 200, 315, 630 ],
    [ 1, 30, 116, 290, 435, 870 ],
    [ 1, 30, 144, 202, 375, 750 ],
    [ 1, 30, 174, 232, 435, 870 ],
    [ 1, 31, 40, 70, 140, 280 ],
    [ 1, 31, 43, 57, 99, 229 ],
    [ 1, 31, 49, 108, 138, 325 ],
    [ 1, 31, 58, 67, 77, 232 ],
    [ 1, 31, 58, 145, 202, 435 ],
    [ 1, 31, 87, 116, 202, 435 ],
    [ 1, 31, 89, 207, 326, 652 ],
    [ 1, 31, 115, 258, 402, 805 ],
    [ 1, 31, 120, 300, 450, 900 ],
    [ 1, 31, 146, 351, 526, 1053 ],
    [ 1, 31, 149, 209, 388, 776 ],
    [ 1, 31, 177, 413, 619, 1239 ],
    [ 1, 31, 180, 240, 450, 900 ],
    [ 1, 32, 41, 72, 144, 288 ],
    [ 1, 32, 44, 117, 160, 352 ],
    [ 1, 32, 46, 122, 199, 398 ],
    [ 1, 32, 60, 149, 208, 448 ],
    [ 1, 32, 76, 213, 320, 640 ],
    [ 1, 32, 77, 139, 170, 417 ],
    [ 1, 32, 89, 208, 296, 624 ],
    [ 1, 32, 92, 245, 368, 736 ],
    [ 1, 32, 121, 272, 424, 848 ],
    [ 1, 32, 152, 213, 244, 640 ],
    [ 1, 32, 184, 245, 276, 736 ],
    [ 1, 32, 185, 432, 648, 1296 ],
    [ 1, 33, 61, 152, 212, 457 ],
    [ 1, 33, 62, 154, 247, 495 ],
    [ 1, 33, 95, 253, 379, 759 ],
    [ 1, 33, 126, 189, 346, 693 ],
    [ 1, 33, 127, 317, 476, 952 ],
    [ 1, 33, 156, 219, 406, 813 ],
    [ 1, 33, 189, 252, 472, 945 ],
    [ 1, 34, 41, 49, 122, 245 ],
    [ 1, 34, 41, 57, 74, 205 ],
    [ 1, 34, 44, 110, 187, 374 ],
    [ 1, 34, 95, 127, 221, 476 ],
    [ 1, 34, 197, 263, 493, 986 ],
    [ 1, 35, 45, 79, 157, 315 ],
    [ 1, 35, 83, 233, 349, 699 ],
    [ 1, 36, 40, 45, 60, 180 ],
    [ 1, 36, 43, 60, 78, 216 ],
    [ 1, 36, 45, 123, 202, 405 ],
    [ 1, 36, 46, 126, 207, 414 ],
    [ 1, 36, 52, 173, 260, 520 ],
    [ 1, 36, 67, 84, 150, 336 ],
    [ 1, 36, 102, 238, 339, 714 ],
    [ 1, 36, 103, 120, 258, 516 ],
    [ 1, 36, 138, 310, 483, 966 ],
    [ 1, 36, 174, 418, 627, 1254 ],
    [ 1, 36, 210, 490, 735, 1470 ],
    [ 1, 37, 48, 120, 204, 408 ],
    [ 1, 37, 69, 86, 154, 345 ],
    [ 1, 37, 103, 240, 342, 721 ],
    [ 1, 37, 177, 425, 638, 1276 ],
    [ 1, 37, 214, 499, 749, 1498 ],
    [ 1, 38, 55, 183, 274, 549 ],
    [ 1, 38, 71, 177, 247, 532 ],
    [ 1, 38, 147, 367, 551, 1102 ],
    [ 1, 39, 93, 111, 241, 483 ],
    [ 1, 39, 93, 168, 298, 597 ],
    [ 1, 39, 111, 258, 406, 813 ],
    [ 1, 39, 150, 375, 562, 1125 ],
    [ 1, 40, 48, 173, 260, 520 ],
    [ 1, 40, 51, 140, 230, 460 ],
    [ 1, 40, 96, 173, 212, 520 ],
    [ 1, 41, 116, 271, 386, 813 ],
    [ 1, 41, 157, 353, 550, 1100 ],
    [ 1, 41, 239, 558, 837, 1674 ],
    [ 1, 42, 60, 160, 219, 480 ],
    [ 1, 42, 102, 286, 429, 858 ],
    [ 1, 42, 120, 280, 399, 840 ],
    [ 1, 42, 159, 357, 556, 1113 ],
    [ 1, 42, 162, 364, 567, 1134 ],
    [ 1, 42, 201, 483, 724, 1449 ],
    [ 1, 42, 204, 490, 735, 1470 ],
    [ 1, 42, 243, 567, 850, 1701 ],
    [ 1, 42, 246, 574, 861, 1722 ],
    [ 1, 43, 48, 54, 72, 216 ],
    [ 1, 43, 123, 287, 409, 861 ],
    [ 1, 43, 166, 373, 581, 1162 ],
    [ 1, 43, 209, 502, 753, 1506 ],
    [ 1, 43, 252, 588, 882, 1764 ],
    [ 1, 44, 49, 55, 73, 220 ],
    [ 1, 45, 50, 56, 75, 225 ],
    [ 1, 45, 54, 195, 292, 585 ],
    [ 1, 45, 129, 150, 322, 645 ],
    [ 1, 45, 129, 300, 472, 945 ],
    [ 1, 45, 174, 435, 652, 1305 ],
    [ 1, 45, 216, 303, 562, 1125 ],
    [ 1, 45, 261, 348, 652, 1305 ],
    [ 1, 47, 67, 179, 245, 537 ],
    [ 1, 48, 69, 183, 298, 597 ],
    [ 1, 48, 78, 250, 375, 750 ],
    [ 1, 48, 136, 317, 452, 952 ],
    [ 1, 48, 137, 320, 456, 960 ],
    [ 1, 48, 185, 416, 648, 1296 ],
    [ 1, 48, 232, 557, 836, 1672 ],
    [ 1, 48, 280, 653, 980, 1960 ],
    [ 1, 48, 281, 656, 984, 1968 ],
    [ 1, 50, 56, 70, 175, 350 ],
    [ 1, 51, 66, 165, 280, 561 ],
    [ 1, 54, 66, 238, 357, 714 ],
    [ 1, 54, 69, 189, 310, 621 ],
    [ 1, 54, 207, 465, 724, 1449 ],
    [ 1, 54, 261, 627, 940, 1881 ],
    [ 1, 54, 315, 735, 1102, 2205 ],
    [ 1, 56, 80, 213, 292, 640 ],
    [ 1, 56, 136, 381, 572, 1144 ],
    [ 1, 56, 160, 373, 532, 1120 ],
    [ 1, 56, 272, 653, 980, 1960 ],
    [ 1, 56, 328, 765, 1148, 2296 ],
    [ 1, 57, 64, 80, 200, 400 ],
    [ 1, 58, 65, 81, 203, 406 ],
    [ 1, 63, 153, 429, 643, 1287 ],
    [ 1, 63, 243, 546, 850, 1701 ],
    [ 1, 63, 306, 735, 1102, 2205 ],
    [ 1, 63, 369, 861, 1291, 2583 ],
    [ 1, 64, 104, 333, 500, 1000 ],
    [ 1, 66, 78, 286, 429, 858 ],
    [ 1, 71, 84, 308, 462, 924 ],
    [ 1, 72, 85, 312, 468, 936 ],
    [ 1, 72, 88, 317, 476, 952 ],
    [ 1, 72, 117, 375, 562, 1125 ],
    [ 1, 75, 84, 105, 262, 525 ],
    [ 1, 81, 99, 357, 535, 1071 ],
    [ 1, 88, 104, 381, 572, 1144 ],
    [ 1, 99, 117, 429, 643, 1287 ],
    [ 2, 2, 2, 3, 5, 12 ],
    [ 2, 2, 2, 3, 7, 14 ],
    [ 2, 2, 3, 3, 4, 12 ],
    [ 2, 2, 3, 4, 5, 14 ],
    [ 2, 2, 3, 4, 7, 16 ],
    [ 2, 2, 3, 4, 9, 18 ],
    [ 2, 2, 3, 5, 5, 15 ],
    [ 2, 2, 3, 5, 7, 17 ],
    [ 2, 2, 3, 5, 8, 18 ],
    [ 2, 2, 3, 5, 10, 20 ],
    [ 2, 2, 3, 7, 9, 21 ],
    [ 2, 2, 3, 7, 12, 24 ],
    [ 2, 2, 3, 8, 11, 24 ],
    [ 2, 2, 3, 8, 13, 26 ],
    [ 2, 2, 3, 10, 15, 30 ],
    [ 2, 2, 4, 5, 9, 20 ],
    [ 2, 2, 4, 5, 11, 22 ],
    [ 2, 2, 5, 6, 7, 20 ],
    [ 2, 2, 5, 6, 13, 26 ],
    [ 2, 2, 5, 9, 11, 27 ],
    [ 2, 2, 5, 9, 16, 32 ],
    [ 2, 2, 5, 14, 21, 42 ],
    [ 2, 2, 6, 7, 15, 30 ],
    [ 2, 3, 3, 4, 5, 15 ],
    [ 2, 3, 3, 7, 11, 24 ],
    [ 2, 3, 3, 10, 14, 30 ],
    [ 2, 3, 4, 5, 6, 18 ],
    [ 2, 3, 4, 5, 7, 19 ],
    [ 2, 3, 4, 5, 8, 20 ],
    [ 2, 3, 4, 5, 12, 24 ],
    [ 2, 3, 4, 6, 11, 24 ],
    [ 2, 3, 4, 7, 10, 24 ],
    [ 2, 3, 4, 7, 14, 28 ],
    [ 2, 3, 4, 8, 13, 28 ],
    [ 2, 3, 4, 9, 14, 30 ],
    [ 2, 3, 4, 10, 13, 30 ],
    [ 2, 3, 4, 10, 17, 34 ],
    [ 2, 3, 4, 11, 18, 36 ],
    [ 2, 3, 4, 12, 17, 36 ],
    [ 2, 3, 4, 14, 21, 42 ],
    [ 2, 3, 5, 6, 7, 21 ],
    [ 2, 3, 5, 7, 8, 23 ],
    [ 2, 3, 5, 7, 13, 28 ],
    [ 2, 3, 5, 7, 15, 30 ],
    [ 2, 3, 5, 8, 11, 27 ],
    [ 2, 3, 5, 8, 14, 30 ],
    [ 2, 3, 5, 8, 16, 32 ],
    [ 2, 3, 5, 11, 14, 33 ],
    [ 2, 3, 5, 11, 16, 35 ],
    [ 2, 3, 5, 11, 17, 36 ],
    [ 2, 3, 5, 11, 19, 38 ],
    [ 2, 3, 5, 13, 21, 42 ],
    [ 2, 3, 5, 14, 22, 44 ],
    [ 2, 3, 5, 16, 24, 48 ],
    [ 2, 3, 6, 7, 8, 24 ],
    [ 2, 3, 6, 10, 17, 36 ],
    [ 2, 3, 6, 13, 20, 42 ],
    [ 2, 3, 6, 16, 23, 48 ],
    [ 2, 3, 7, 10, 10, 30 ],
    [ 2, 3, 7, 10, 17, 37 ],
    [ 2, 3, 7, 11, 14, 35 ],
    [ 2, 3, 7, 11, 19, 40 ],
    [ 2, 3, 7, 17, 24, 51 ],
    [ 2, 3, 7, 18, 26, 54 ],
    [ 2, 3, 8, 10, 11, 32 ],
    [ 2, 3, 8, 10, 19, 40 ],
    [ 2, 3, 8, 10, 21, 42 ],
    [ 2, 3, 8, 14, 17, 42 ],
    [ 2, 3, 8, 14, 25, 50 ],
    [ 2, 3, 8, 20, 29, 60 ],
    [ 2, 3, 8, 22, 33, 66 ],
    [ 2, 3, 9, 13, 23, 48 ],
    [ 2, 3, 9, 22, 32, 66 ],
    [ 2, 3, 10, 13, 16, 42 ],
    [ 2, 3, 10, 13, 26, 52 ],
    [ 2, 3, 10, 14, 17, 44 ],
    [ 2, 3, 10, 23, 36, 72 ],
    [ 2, 3, 11, 26, 40, 80 ],
    [ 2, 3, 12, 16, 29, 60 ],
    [ 2, 3, 12, 28, 41, 84 ],
    [ 2, 3, 14, 32, 49, 98 ],
    [ 2, 3, 16, 22, 25, 66 ],
    [ 2, 3, 16, 22, 41, 82 ],
    [ 2, 3, 16, 38, 57, 114 ],
    [ 2, 4, 4, 5, 11, 24 ],
    [ 2, 4, 4, 7, 13, 28 ],
    [ 2, 4, 5, 5, 6, 20 ],
    [ 2, 4, 5, 6, 9, 24 ],
    [ 2, 4, 5, 6, 11, 26 ],
    [ 2, 4, 5, 6, 13, 28 ],
    [ 2, 4, 5, 6, 15, 30 ],
    [ 2, 4, 5, 7, 9, 25 ],
    [ 2, 4, 5, 7, 16, 32 ],
    [ 2, 4, 5, 9, 14, 32 ],
    [ 2, 4, 5, 11, 15, 35 ],
    [ 2, 4, 5, 11, 18, 38 ],
    [ 2, 4, 5, 12, 19, 40 ],
    [ 2, 4, 5, 13, 22, 44 ],
    [ 2, 4, 5, 14, 19, 42 ],
    [ 2, 4, 5, 16, 23, 48 ],
    [ 2, 4, 5, 18, 27, 54 ],
    [ 2, 4, 6, 7, 11, 28 ],
    [ 2, 4, 6, 7, 13, 30 ],
    [ 2, 4, 6, 7, 17, 34 ],
    [ 2, 4, 6, 9, 17, 36 ],
    [ 2, 4, 7, 8, 17, 36 ],
    [ 2, 4, 7, 10, 11, 32 ],
    [ 2, 4, 7, 10, 19, 40 ],
    [ 2, 4, 7, 10, 21, 42 ],
    [ 2, 4, 7, 11, 22, 44 ],
    [ 2, 4, 7, 13, 17, 41 ],
    [ 2, 4, 7, 13, 22, 46 ],
    [ 2, 4, 7, 18, 29, 58 ],
    [ 2, 4, 7, 20, 29, 60 ],
    [ 2, 4, 8, 9, 19, 40 ],
    [ 2, 4, 8, 11, 21, 44 ],
    [ 2, 4, 9, 12, 23, 48 ],
    [ 2, 4, 9, 15, 26, 54 ],
    [ 2, 4, 9, 24, 35, 72 ],
    [ 2, 4, 10, 13, 27, 54 ],
    [ 2, 4, 11, 14, 15, 44 ],
    [ 2, 4, 11, 14, 29, 58 ],
    [ 2, 4, 11, 19, 34, 68 ],
    [ 2, 4, 11, 30, 45, 90 ],
    [ 2, 4, 12, 15, 29, 60 ],
    [ 2, 4, 14, 17, 35, 70 ],
    [ 2, 5, 5, 6, 14, 30 ],
    [ 2, 5, 6, 7, 8, 26 ],
    [ 2, 5, 6, 7, 9, 27 ],
    [ 2, 5, 6, 7, 12, 30 ],
    [ 2, 5, 6, 8, 11, 30 ],
    [ 2, 5, 6, 8, 13, 32 ],
    [ 2, 5, 6, 8, 19, 38 ],
    [ 2, 5, 6, 10, 19, 40 ],
    [ 2, 5, 6, 14, 19, 44 ],
    [ 2, 5, 6, 14, 23, 48 ],
    [ 2, 5, 6, 17, 28, 56 ],
    [ 2, 5, 6, 20, 29, 60 ],
    [ 2, 5, 6, 22, 33, 66 ],
    [ 2, 5, 7, 8, 9, 29 ],
    [ 2, 5, 7, 8, 20, 40 ],
    [ 2, 5, 7, 11, 12, 35 ],
    [ 2, 5, 7, 11, 23, 46 ],
    [ 2, 5, 7, 24, 36, 72 ],
    [ 2, 5, 8, 8, 19, 40 ],
    [ 2, 5, 8, 12, 23, 48 ],
    [ 2, 5, 8, 16, 27, 56 ],
    [ 2, 5, 8, 19, 27, 59 ],
    [ 2, 5, 9, 13, 27, 54 ],
    [ 2, 5, 9, 14, 19, 47 ],
    [ 2, 5, 9, 14, 26, 54 ],
    [ 2, 5, 9, 23, 37, 74 ],
    [ 2, 5, 9, 26, 40, 80 ],
    [ 2, 5, 11, 15, 29, 60 ],
    [ 2, 5, 11, 25, 39, 80 ],
    [ 2, 5, 13, 17, 35, 70 ],
    [ 2, 5, 13, 18, 31, 67 ],
    [ 2, 5, 13, 18, 34, 70 ],
    [ 2, 5, 13, 21, 26, 65 ],
    [ 2, 5, 13, 21, 37, 76 ],
    [ 2, 5, 13, 31, 44, 93 ],
    [ 2, 5, 13, 34, 52, 104 ],
    [ 2, 5, 14, 18, 37, 74 ],
    [ 2, 5, 14, 24, 29, 72 ],
    [ 2, 5, 14, 31, 48, 98 ],
    [ 2, 5, 14, 38, 57, 114 ],
    [ 2, 5, 16, 20, 39, 80 ],
    [ 2, 5, 16, 24, 43, 88 ],
    [ 2, 5, 16, 40, 59, 120 ],
    [ 2, 5, 18, 22, 45, 90 ],
    [ 2, 5, 18, 23, 44, 90 ],
    [ 2, 5, 18, 23, 46, 92 ],
    [ 2, 5, 18, 26, 31, 80 ],
    [ 2, 5, 18, 41, 64, 128 ],
    [ 2, 5, 18, 44, 67, 134 ],
    [ 2, 5, 19, 27, 49, 100 ],
    [ 2, 5, 19, 46, 68, 138 ],
    [ 2, 5, 21, 29, 34, 89 ],
    [ 2, 5, 24, 32, 59, 120 ],
    [ 2, 5, 24, 56, 83, 168 ],
    [ 2, 5, 26, 34, 39, 104 ],
    [ 2, 5, 28, 38, 71, 142 ],
    [ 2, 5, 28, 66, 99, 198 ],
    [ 2, 6, 7, 8, 21, 42 ],
    [ 2, 6, 7, 9, 20, 42 ],
    [ 2, 6, 7, 12, 23, 48 ],
    [ 2, 6, 7, 18, 29, 60 ],
    [ 2, 6, 8, 11, 25, 50 ],
    [ 2, 6, 8, 13, 27, 54 ],
    [ 2, 6, 9, 22, 35, 72 ],
    [ 2, 6, 10, 13, 23, 52 ],
    [ 2, 6, 10, 15, 29, 60 ],
    [ 2, 6, 11, 16, 17, 50 ],
    [ 2, 6, 11, 16, 31, 64 ],
    [ 2, 6, 11, 16, 33, 66 ],
    [ 2, 6, 11, 17, 32, 66 ],
    [ 2, 6, 11, 17, 34, 68 ],
    [ 2, 6, 11, 28, 45, 90 ],
    [ 2, 6, 11, 32, 49, 98 ],
    [ 2, 6, 13, 16, 19, 54 ],
    [ 2, 6, 13, 23, 29, 71 ],
    [ 2, 6, 15, 25, 44, 90 ],
    [ 2, 6, 15, 40, 59, 120 ],
    [ 2, 6, 16, 19, 41, 82 ],
    [ 2, 6, 17, 22, 23, 68 ],
    [ 2, 6, 17, 22, 45, 90 ],
    [ 2, 6, 17, 29, 52, 104 ],
    [ 2, 6, 17, 46, 69, 138 ],
    [ 2, 7, 8, 9, 11, 35 ],
    [ 2, 7, 8, 9, 12, 36 ],
    [ 2, 7, 8, 10, 17, 42 ],
    [ 2, 7, 8, 10, 25, 50 ],
    [ 2, 7, 8, 14, 27, 56 ],
    [ 2, 7, 8, 20, 33, 68 ],
    [ 2, 7, 8, 28, 41, 84 ],
    [ 2, 7, 9, 10, 26, 52 ],
    [ 2, 7, 10, 16, 33, 66 ],
    [ 2, 7, 10, 24, 31, 72 ],
    [ 2, 7, 11, 27, 43, 88 ],
    [ 2, 7, 12, 24, 41, 84 ],
    [ 2, 7, 12, 29, 41, 89 ],
    [ 2, 7, 13, 19, 37, 76 ],
    [ 2, 7, 13, 25, 32, 77 ],
    [ 2, 7, 17, 39, 56, 119 ],
    [ 2, 7, 17, 39, 61, 124 ],
    [ 2, 7, 18, 24, 47, 96 ],
    [ 2, 7, 18, 48, 71, 144 ],
    [ 2, 7, 19, 25, 51, 102 ],
    [ 2, 7, 19, 31, 55, 112 ],
    [ 2, 7, 19, 45, 64, 135 ],
    [ 2, 7, 19, 50, 76, 152 ],
    [ 2, 7, 22, 49, 76, 154 ],
    [ 2, 7, 24, 60, 89, 180 ],
    [ 2, 7, 26, 32, 65, 130 ],
    [ 2, 7, 26, 59, 92, 184 ],
    [ 2, 7, 26, 64, 97, 194 ],
    [ 2, 7, 29, 41, 75, 152 ],
    [ 2, 7, 29, 70, 104, 210 ],
    [ 2, 7, 31, 74, 112, 224 ],
    [ 2, 7, 36, 48, 89, 180 ],
    [ 2, 7, 36, 84, 125, 252 ],
    [ 2, 7, 38, 88, 133, 266 ],
    [ 2, 7, 40, 94, 141, 282 ],
    [ 2, 8, 9, 23, 31, 71 ],
    [ 2, 8, 11, 14, 25, 58 ],
    [ 2, 8, 11, 14, 31, 64 ],
    [ 2, 8, 11, 18, 37, 74 ],
    [ 2, 8, 11, 30, 41, 90 ],
    [ 2, 8, 11, 36, 53, 108 ],
    [ 2, 8, 13, 32, 51, 104 ],
    [ 2, 8, 14, 17, 31, 70 ],
    [ 2, 8, 15, 22, 43, 88 ],
    [ 2, 8, 15, 22, 45, 90 ],
    [ 2, 8, 15, 38, 61, 122 ],
    [ 2, 8, 17, 20, 43, 88 ],
    [ 2, 8, 17, 31, 54, 110 ],
    [ 2, 8, 17, 48, 71, 144 ],
    [ 2, 8, 20, 23, 49, 100 ],
    [ 2, 8, 20, 27, 53, 108 ],
    [ 2, 8, 21, 28, 55, 112 ],
    [ 2, 8, 21, 35, 62, 126 ],
    [ 2, 8, 21, 56, 83, 168 ],
    [ 2, 8, 22, 29, 59, 118 ],
    [ 2, 8, 23, 30, 61, 122 ],
    [ 2, 8, 23, 62, 93, 186 ],
    [ 2, 8, 28, 35, 69, 140 ],
    [ 2, 8, 30, 37, 75, 150 ],
    [ 2, 9, 10, 26, 35, 80 ],
    [ 2, 9, 10, 27, 44, 90 ],
    [ 2, 9, 12, 40, 59, 120 ],
    [ 2, 9, 13, 42, 62, 126 ],
    [ 2, 9, 16, 24, 47, 96 ],
    [ 2, 9, 16, 39, 62, 126 ],
    [ 2, 9, 16, 48, 71, 144 ],
    [ 2, 9, 17, 50, 76, 152 ],
    [ 2, 9, 23, 31, 61, 124 ],
    [ 2, 9, 23, 53, 76, 161 ],
    [ 2, 9, 24, 40, 71, 144 ],
    [ 2, 9, 25, 66, 98, 198 ],
    [ 2, 9, 30, 67, 104, 210 ],
    [ 2, 9, 32, 40, 79, 160 ],
    [ 2, 9, 39, 94, 140, 282 ],
    [ 2, 9, 41, 98, 148, 296 ],
    [ 2, 9, 48, 112, 167, 336 ],
    [ 2, 9, 50, 116, 175, 350 ],
    [ 2, 10, 11, 15, 34, 70 ],
    [ 2, 10, 11, 29, 48, 98 ],
    [ 2, 10, 11, 40, 59, 120 ],
    [ 2, 10, 13, 17, 38, 78 ],
    [ 2, 10, 13, 34, 47, 104 ],
    [ 2, 10, 14, 23, 47, 94 ],
    [ 2, 10, 18, 23, 41, 92 ],
    [ 2, 10, 18, 27, 53, 108 ],
    [ 2, 10, 19, 56, 85, 170 ],
    [ 2, 10, 23, 64, 97, 194 ],
    [ 2, 10, 26, 35, 69, 140 ],
    [ 2, 10, 28, 33, 71, 142 ],
    [ 2, 10, 28, 37, 75, 150 ],
    [ 2, 10, 36, 45, 89, 180 ],
    [ 2, 10, 38, 47, 95, 190 ],
    [ 2, 11, 12, 32, 53, 108 ],
    [ 2, 11, 12, 44, 65, 132 ],
    [ 2, 11, 14, 48, 73, 146 ],
    [ 2, 11, 17, 54, 82, 164 ],
    [ 2, 11, 19, 47, 75, 152 ],
    [ 2, 11, 30, 80, 119, 240 ],
    [ 2, 11, 40, 60, 109, 220 ],
    [ 2, 11, 49, 69, 127, 256 ],
    [ 2, 11, 60, 80, 149, 300 ],
    [ 2, 12, 16, 21, 47, 96 ],
    [ 2, 12, 16, 27, 53, 108 ],
    [ 2, 12, 17, 56, 83, 168 ],
    [ 2, 12, 21, 52, 83, 168 ],
    [ 2, 12, 22, 33, 65, 132 ],
    [ 2, 12, 27, 76, 113, 228 ],
    [ 2, 12, 33, 88, 131, 264 ],
    [ 2, 13, 18, 60, 89, 180 ],
    [ 2, 13, 35, 81, 127, 256 ],
    [ 2, 13, 36, 48, 95, 192 ],
    [ 2, 13, 36, 60, 107, 216 ],
    [ 2, 13, 48, 120, 179, 360 ],
    [ 2, 14, 18, 31, 63, 126 ],
    [ 2, 15, 21, 70, 104, 210 ],
    [ 2, 15, 41, 55, 109, 220 ],
    [ 2, 15, 41, 95, 149, 300 ],
    [ 2, 15, 56, 70, 139, 280 ],
    [ 2, 15, 56, 140, 209, 420 ],
    [ 2, 15, 69, 97, 179, 360 ],
    [ 2, 15, 84, 112, 209, 420 ],
    [ 2, 16, 29, 72, 115, 232 ],
    [ 2, 16, 37, 44, 95, 192 ],
    [ 2, 16, 37, 104, 155, 312 ],
    [ 2, 16, 44, 51, 109, 220 ],
    [ 2, 16, 44, 59, 117, 236 ],
    [ 2, 16, 45, 60, 119, 240 ],
    [ 2, 16, 45, 120, 179, 360 ],
    [ 2, 16, 60, 75, 149, 300 ],
    [ 2, 17, 24, 40, 79, 160 ],
    [ 2, 17, 24, 56, 95, 192 ],
    [ 2, 18, 25, 42, 83, 168 ],
    [ 2, 18, 25, 66, 107, 216 ],
    [ 2, 18, 51, 85, 152, 306 ],
    [ 2, 19, 24, 30, 71, 144 ],
    [ 2, 19, 24, 84, 125, 252 ],
    [ 2, 20, 28, 33, 79, 160 ],
    [ 2, 20, 28, 37, 83, 168 ],
    [ 2, 20, 28, 47, 93, 188 ],
    [ 2, 20, 56, 65, 139, 280 ],
    [ 2, 20, 56, 75, 149, 300 ],
    [ 2, 20, 76, 95, 189, 380 ],
    [ 2, 21, 33, 73, 125, 252 ],
    [ 2, 21, 39, 97, 155, 312 ],
    [ 2, 21, 60, 160, 239, 480 ],
    [ 2, 21, 78, 175, 272, 546 ],
    [ 2, 21, 99, 238, 356, 714 ],
    [ 2, 21, 120, 280, 419, 840 ],
    [ 2, 24, 45, 112, 179, 360 ],
    [ 2, 24, 57, 160, 239, 480 ],
    [ 2, 24, 69, 184, 275, 552 ],
    [ 2, 25, 30, 36, 89, 180 ],
    [ 2, 27, 39, 130, 194, 390 ],
    [ 2, 28, 36, 63, 125, 252 ],
    [ 3, 3, 3, 4, 4, 15 ],
    [ 3, 3, 3, 7, 7, 21 ],
    [ 3, 3, 4, 4, 4, 16 ],
    [ 3, 3, 4, 4, 12, 24 ],
    [ 3, 3, 4, 6, 10, 24 ],
    [ 3, 3, 4, 8, 8, 24 ],
    [ 3, 3, 4, 12, 16, 36 ],
    [ 3, 3, 4, 13, 18, 39 ],
    [ 3, 3, 4, 16, 24, 48 ],
    [ 3, 3, 5, 10, 14, 33 ],
    [ 3, 3, 6, 7, 7, 24 ],
    [ 3, 3, 6, 7, 10, 27 ],
    [ 3, 3, 6, 10, 10, 30 ],
    [ 3, 3, 7, 9, 10, 30 ],
    [ 3, 3, 7, 15, 19, 45 ],
    [ 3, 3, 7, 16, 24, 51 ],
    [ 3, 3, 7, 22, 33, 66 ],
    [ 3, 3, 8, 16, 20, 48 ],
    [ 3, 3, 9, 13, 13, 39 ],
    [ 3, 3, 10, 25, 36, 75 ],
    [ 3, 3, 12, 16, 16, 48 ],
    [ 3, 3, 13, 18, 22, 57 ],
    [ 3, 3, 13, 31, 48, 96 ],
    [ 3, 3, 16, 24, 28, 72 ],
    [ 3, 3, 16, 40, 60, 120 ],
    [ 3, 4, 4, 5, 10, 24 ],
    [ 3, 4, 4, 5, 14, 28 ],
    [ 3, 4, 4, 6, 9, 24 ],
    [ 3, 4, 4, 7, 12, 28 ],
    [ 3, 4, 4, 9, 18, 36 ],
    [ 3, 4, 5, 5, 5, 20 ],
    [ 3, 4, 5, 5, 10, 25 ],
    [ 3, 4, 5, 6, 8, 24 ],
    [ 3, 4, 5, 8, 10, 28 ],
    [ 3, 4, 5, 10, 10, 30 ],
    [ 3, 4, 5, 10, 20, 40 ],
    [ 3, 4, 5, 16, 22, 48 ],
    [ 3, 4, 5, 20, 30, 60 ],
    [ 3, 4, 6, 6, 13, 30 ],
    [ 3, 4, 6, 7, 9, 27 ],
    [ 3, 4, 6, 9, 16, 36 ],
    [ 3, 4, 6, 13, 21, 45 ],
    [ 3, 4, 6, 16, 21, 48 ],
    [ 3, 4, 6, 18, 25, 54 ],
    [ 3, 4, 6, 22, 33, 66 ],
    [ 3, 4, 7, 21, 30, 63 ],
    [ 3, 4, 8, 9, 14, 36 ],
    [ 3, 4, 8, 11, 20, 44 ],
    [ 3, 4, 8, 11, 24, 48 ],
    [ 3, 4, 8, 13, 22, 48 ],
    [ 3, 4, 8, 13, 26, 52 ],
    [ 3, 4, 9, 10, 15, 39 ],
    [ 3, 4, 9, 12, 22, 48 ],
    [ 3, 4, 9, 24, 34, 72 ],
    [ 3, 4, 9, 28, 42, 84 ],
    [ 3, 4, 10, 10, 15, 40 ],
    [ 3, 4, 10, 13, 15, 43 ],
    [ 3, 4, 10, 15, 30, 60 ],
    [ 3, 4, 10, 20, 25, 60 ],
    [ 3, 4, 10, 30, 45, 90 ],
    [ 3, 4, 11, 16, 16, 48 ],
    [ 3, 4, 11, 16, 28, 60 ],
    [ 3, 4, 11, 17, 22, 55 ],
    [ 3, 4, 11, 28, 40, 84 ],
    [ 3, 4, 11, 28, 44, 88 ],
    [ 3, 4, 12, 15, 28, 60 ],
    [ 3, 4, 13, 16, 18, 52 ],
    [ 3, 4, 13, 18, 33, 69 ],
    [ 3, 4, 13, 36, 54, 108 ],
    [ 3, 4, 15, 20, 20, 60 ],
    [ 3, 4, 15, 25, 30, 75 ],
    [ 3, 4, 15, 36, 52, 108 ],
    [ 3, 4, 15, 40, 60, 120 ],
    [ 3, 4, 16, 21, 42, 84 ],
    [ 3, 4, 17, 22, 41, 85 ],
    [ 3, 4, 17, 22, 44, 88 ],
    [ 3, 4, 18, 42, 61, 126 ],
    [ 3, 4, 19, 25, 30, 79 ],
    [ 3, 4, 19, 44, 68, 136 ],
    [ 3, 4, 20, 25, 50, 100 ],
    [ 3, 4, 22, 28, 33, 88 ],
    [ 3, 4, 22, 50, 77, 154 ],
    [ 3, 4, 26, 36, 41, 108 ],
    [ 3, 4, 26, 62, 93, 186 ],
    [ 3, 4, 27, 37, 42, 111 ],
    [ 3, 4, 27, 64, 96, 192 ],
    [ 3, 4, 30, 40, 45, 120 ],
    [ 3, 4, 30, 70, 105, 210 ],
    [ 3, 5, 6, 7, 8, 27 ],
    [ 3, 5, 6, 8, 10, 30 ],
    [ 3, 5, 6, 13, 20, 45 ],
    [ 3, 5, 6, 16, 23, 51 ],
    [ 3, 5, 7, 8, 14, 35 ],
    [ 3, 5, 7, 13, 19, 45 ],
    [ 3, 5, 7, 13, 26, 52 ],
    [ 3, 5, 7, 14, 22, 49 ],
    [ 3, 5, 7, 16, 22, 51 ],
    [ 3, 5, 7, 21, 29, 63 ],
    [ 3, 5, 7, 23, 36, 72 ],
    [ 3, 5, 8, 10, 14, 38 ],
    [ 3, 5, 8, 10, 16, 40 ],
    [ 3, 5, 8, 10, 19, 43 ],
    [ 3, 5, 8, 10, 21, 45 ],
    [ 3, 5, 8, 10, 24, 48 ],
    [ 3, 5, 8, 14, 20, 48 ],
    [ 3, 5, 8, 14, 25, 53 ],
    [ 3, 5, 8, 20, 26, 60 ],
    [ 3, 5, 8, 20, 34, 68 ],
    [ 3, 5, 9, 25, 35, 75 ],
    [ 3, 5, 11, 13, 25, 55 ],
    [ 3, 5, 11, 13, 27, 57 ],
    [ 3, 5, 11, 23, 29, 69 ],
    [ 3, 5, 11, 23, 40, 80 ],
    [ 3, 5, 11, 26, 38, 81 ],
    [ 3, 5, 13, 20, 26, 65 ],
    [ 3, 5, 13, 20, 34, 73 ],
    [ 3, 5, 14, 35, 50, 105 ],
    [ 3, 5, 16, 22, 41, 85 ],
    [ 3, 5, 18, 25, 44, 93 ],
    [ 3, 5, 19, 25, 50, 100 ],
    [ 3, 5, 19, 26, 32, 83 ],
    [ 3, 5, 21, 28, 50, 105 ],
    [ 3, 5, 22, 31, 56, 115 ],
    [ 3, 5, 31, 43, 49, 129 ],
    [ 3, 5, 31, 43, 80, 160 ],
    [ 3, 6, 6, 10, 13, 36 ],
    [ 3, 6, 7, 7, 21, 42 ],
    [ 3, 6, 7, 14, 14, 42 ],
    [ 3, 6, 7, 21, 28, 63 ],
    [ 3, 6, 7, 22, 30, 66 ],
    [ 3, 6, 7, 28, 42, 84 ],
    [ 3, 6, 9, 10, 13, 39 ],
    [ 3, 6, 9, 13, 16, 45 ],
    [ 3, 6, 9, 16, 16, 48 ],
    [ 3, 6, 10, 13, 15, 45 ],
    [ 3, 6, 10, 18, 25, 60 ],
    [ 3, 6, 10, 28, 45, 90 ],
    [ 3, 6, 11, 19, 26, 63 ],
    [ 3, 6, 13, 27, 34, 81 ],
    [ 3, 6, 13, 31, 45, 96 ],
    [ 3, 6, 13, 40, 60, 120 ],
    [ 3, 6, 14, 28, 35, 84 ],
    [ 3, 6, 15, 19, 22, 63 ],
    [ 3, 6, 15, 22, 22, 66 ],
    [ 3, 6, 16, 37, 57, 117 ],
    [ 3, 6, 16, 40, 57, 120 ],
    [ 3, 6, 18, 22, 25, 72 ],
    [ 3, 6, 21, 28, 28, 84 ],
    [ 3, 6, 22, 30, 37, 96 ],
    [ 3, 6, 22, 52, 81, 162 ],
    [ 3, 6, 22, 55, 81, 165 ],
    [ 3, 6, 25, 61, 93, 186 ],
    [ 3, 6, 28, 42, 49, 126 ],
    [ 3, 6, 28, 70, 105, 210 ],
    [ 3, 7, 8, 12, 20, 48 ],
    [ 3, 7, 8, 16, 32, 64 ],
    [ 3, 7, 8, 17, 26, 59 ],
    [ 3, 7, 9, 9, 19, 45 ],
    [ 3, 7, 9, 18, 28, 63 ],
    [ 3, 7, 9, 25, 33, 75 ],
    [ 3, 7, 9, 25, 42, 84 ],
    [ 3, 7, 12, 15, 28, 63 ],
    [ 3, 7, 12, 28, 36, 84 ],
    [ 3, 7, 13, 26, 44, 91 ],
    [ 3, 7, 15, 16, 24, 63 ],
    [ 3, 7, 15, 31, 54, 108 ],
    [ 3, 7, 16, 24, 24, 72 ],
    [ 3, 7, 16, 32, 40, 96 ],
    [ 3, 7, 16, 32, 56, 112 ],
    [ 3, 7, 16, 45, 66, 135 ],
    [ 3, 7, 17, 43, 61, 129 ],
    [ 3, 7, 17, 43, 68, 136 ],
    [ 3, 7, 24, 57, 82, 171 ],
    [ 3, 7, 24, 64, 96, 192 ],
    [ 3, 7, 25, 56, 86, 175 ],
    [ 3, 7, 27, 63, 91, 189 ],
    [ 3, 7, 29, 37, 74, 148 ],
    [ 3, 7, 31, 71, 110, 220 ],
    [ 3, 7, 32, 77, 114, 231 ],
    [ 3, 7, 34, 43, 51, 136 ],
    [ 3, 7, 34, 77, 119, 238 ],
    [ 3, 7, 39, 91, 135, 273 ],
    [ 3, 7, 41, 57, 65, 171 ],
    [ 3, 7, 41, 98, 147, 294 ],
    [ 3, 7, 45, 106, 159, 318 ],
    [ 3, 7, 48, 64, 72, 192 ],
    [ 3, 7, 48, 112, 168, 336 ],
    [ 3, 8, 9, 28, 38, 84 ],
    [ 3, 8, 10, 30, 41, 90 ],
    [ 3, 8, 11, 20, 40, 80 ],
    [ 3, 8, 14, 16, 25, 64 ],
    [ 3, 8, 15, 40, 56, 120 ],
    [ 3, 8, 17, 22, 40, 88 ],
    [ 3, 8, 17, 52, 78, 156 ],
    [ 3, 8, 19, 28, 28, 84 ],
    [ 3, 8, 19, 48, 68, 144 ],
    [ 3, 8, 20, 25, 46, 100 ],
    [ 3, 8, 20, 25, 54, 108 ],
    [ 3, 8, 23, 28, 60, 120 ],
    [ 3, 8, 23, 41, 50, 123 ],
    [ 3, 8, 23, 64, 96, 192 ],
    [ 3, 8, 27, 64, 92, 192 ],
    [ 3, 8, 28, 37, 46, 120 ],
    [ 3, 8, 28, 37, 74, 148 ],
    [ 3, 8, 35, 80, 124, 248 ],
    [ 3, 8, 46, 64, 73, 192 ],
    [ 3, 9, 10, 15, 25, 60 ],
    [ 3, 9, 10, 30, 40, 90 ],
    [ 3, 9, 10, 31, 42, 93 ],
    [ 3, 9, 10, 40, 60, 120 ],
    [ 3, 9, 13, 24, 34, 81 ],
    [ 3, 9, 13, 37, 60, 120 ],
    [ 3, 9, 14, 25, 35, 84 ],
    [ 3, 9, 15, 25, 25, 75 ],
    [ 3, 9, 17, 37, 47, 111 ],
    [ 3, 9, 19, 39, 49, 117 ],
    [ 3, 9, 19, 58, 87, 174 ],
    [ 3, 9, 20, 40, 50, 120 ],
    [ 3, 9, 21, 25, 28, 84 ],
    [ 3, 9, 21, 31, 31, 93 ],
    [ 3, 9, 22, 55, 78, 165 ],
    [ 3, 9, 30, 40, 40, 120 ],
    [ 3, 9, 31, 42, 52, 135 ],
    [ 3, 9, 31, 73, 114, 228 ],
    [ 3, 9, 40, 60, 70, 180 ],
    [ 3, 9, 40, 100, 150, 300 ],
    [ 3, 10, 10, 14, 35, 70 ],
    [ 3, 10, 11, 23, 35, 80 ],
    [ 3, 10, 12, 12, 25, 60 ],
    [ 3, 10, 12, 17, 23, 63 ],
    [ 3, 10, 12, 18, 31, 72 ],
    [ 3, 10, 12, 24, 37, 84 ],
    [ 3, 10, 13, 15, 24, 63 ],
    [ 3, 10, 13, 15, 36, 75 ],
    [ 3, 10, 14, 20, 25, 70 ],
    [ 3, 10, 14, 20, 35, 80 ],
    [ 3, 10, 14, 20, 45, 90 ],
    [ 3, 10, 14, 50, 75, 150 ],
    [ 3, 10, 16, 18, 45, 90 ],
    [ 3, 10, 19, 38, 65, 133 ],
    [ 3, 10, 21, 43, 75, 150 ],
    [ 3, 10, 22, 33, 66, 132 ],
    [ 3, 10, 22, 44, 77, 154 ],
    [ 3, 10, 23, 35, 46, 115 ],
    [ 3, 10, 24, 30, 55, 120 ],
    [ 3, 10, 24, 60, 85, 180 ],
    [ 3, 10, 28, 50, 61, 150 ],
    [ 3, 10, 28, 65, 101, 205 ],
    [ 3, 10, 33, 55, 66, 165 ],
    [ 3, 10, 34, 45, 90, 180 ],
    [ 3, 10, 34, 80, 125, 250 ],
    [ 3, 10, 36, 48, 85, 180 ],
    [ 3, 10, 38, 95, 141, 285 ],
    [ 3, 10, 43, 55, 66, 175 ],
    [ 3, 10, 44, 55, 110, 220 ],
    [ 3, 10, 44, 110, 165, 330 ],
    [ 3, 10, 63, 85, 96, 255 ],
    [ 3, 10, 66, 88, 165, 330 ],
    [ 3, 11, 12, 16, 20, 60 ],
    [ 3, 11, 12, 37, 50, 111 ],
    [ 3, 11, 13, 26, 40, 91 ],
    [ 3, 11, 16, 20, 32, 80 ],
    [ 3, 11, 16, 56, 84, 168 ],
    [ 3, 11, 17, 29, 47, 105 ],
    [ 3, 11, 23, 70, 105, 210 ],
    [ 3, 11, 37, 49, 61, 159 ],
    [ 3, 11, 37, 50, 62, 161 ],
    [ 3, 11, 39, 52, 92, 195 ],
    [ 3, 11, 52, 73, 134, 271 ],
    [ 3, 11, 61, 85, 158, 316 ],
    [ 3, 12, 13, 40, 54, 120 ],
    [ 3, 12, 13, 52, 78, 156 ],
    [ 3, 12, 18, 22, 31, 84 ],
    [ 3, 12, 22, 48, 61, 144 ],
    [ 3, 12, 25, 76, 114, 228 ],
    [ 3, 12, 26, 52, 65, 156 ],
    [ 3, 12, 27, 40, 40, 120 ],
    [ 3, 12, 33, 40, 46, 132 ],
    [ 3, 12, 39, 52, 52, 156 ],
    [ 3, 13, 29, 43, 73, 159 ],
    [ 3, 13, 29, 44, 74, 161 ],
    [ 3, 13, 30, 75, 106, 225 ],
    [ 3, 13, 31, 56, 98, 199 ],
    [ 3, 13, 37, 86, 134, 271 ],
    [ 3, 13, 42, 57, 100, 213 ],
    [ 3, 13, 42, 70, 126, 252 ],
    [ 3, 13, 43, 101, 158, 316 ],
    [ 3, 13, 45, 105, 151, 315 ],
    [ 3, 13, 50, 125, 186, 375 ],
    [ 3, 13, 56, 140, 210, 420 ],
    [ 3, 13, 58, 131, 203, 406 ],
    [ 3, 13, 71, 170, 255, 510 ],
    [ 3, 13, 81, 109, 204, 408 ],
    [ 3, 13, 84, 196, 294, 588 ],
    [ 3, 14, 16, 32, 49, 112 ],
    [ 3, 14, 19, 49, 64, 147 ],
    [ 3, 14, 20, 35, 70, 140 ],
    [ 3, 14, 20, 70, 105, 210 ],
    [ 3, 14, 23, 31, 38, 107 ],
    [ 3, 14, 23, 38, 53, 129 ],
    [ 3, 14, 24, 64, 89, 192 ],
    [ 3, 14, 38, 106, 159, 318 ],
    [ 3, 14, 48, 112, 161, 336 ],
    [ 3, 14, 53, 119, 184, 371 ],
    [ 3, 14, 62, 140, 217, 434 ],
    [ 3, 14, 67, 161, 240, 483 ],
    [ 3, 14, 76, 182, 273, 546 ],
    [ 3, 15, 18, 25, 34, 93 ],
    [ 3, 15, 22, 61, 99, 198 ],
    [ 3, 15, 24, 40, 40, 120 ],
    [ 3, 15, 34, 85, 120, 255 ],
    [ 3, 15, 43, 100, 156, 315 ],
    [ 3, 15, 49, 66, 82, 213 ],
    [ 3, 15, 49, 115, 180, 360 ],
    [ 3, 15, 58, 145, 216, 435 ],
    [ 3, 15, 64, 96, 112, 288 ],
    [ 3, 15, 64, 160, 240, 480 ],
    [ 3, 16, 18, 54, 73, 162 ],
    [ 3, 16, 23, 61, 98, 199 ],
    [ 3, 16, 27, 36, 64, 144 ],
    [ 3, 16, 27, 72, 100, 216 ],
    [ 3, 16, 34, 102, 153, 306 ],
    [ 3, 16, 35, 52, 88, 192 ],
    [ 3, 16, 35, 88, 124, 264 ],
    [ 3, 16, 35, 88, 140, 280 ],
    [ 3, 16, 36, 45, 82, 180 ],
    [ 3, 16, 43, 52, 60, 172 ],
    [ 3, 16, 43, 120, 180, 360 ],
    [ 3, 16, 51, 120, 172, 360 ],
    [ 3, 16, 51, 136, 204, 408 ],
    [ 3, 16, 52, 69, 138, 276 ],
    [ 3, 16, 67, 152, 236, 472 ],
    [ 3, 16, 68, 85, 170, 340 ],
    [ 3, 16, 70, 88, 105, 280 ],
    [ 3, 16, 86, 120, 137, 360 ],
    [ 3, 16, 99, 232, 348, 696 ],
    [ 3, 16, 102, 136, 153, 408 ],
    [ 3, 17, 22, 55, 92, 187 ],
    [ 3, 17, 27, 46, 74, 165 ],
    [ 3, 17, 55, 73, 146, 292 ],
    [ 3, 18, 25, 45, 64, 153 ],
    [ 3, 18, 29, 49, 68, 165 ],
    [ 3, 18, 48, 58, 67, 192 ],
    [ 3, 18, 58, 78, 97, 252 ],
    [ 3, 18, 76, 114, 133, 342 ],
    [ 3, 19, 24, 32, 44, 120 ],
    [ 3, 19, 24, 64, 108, 216 ],
    [ 3, 19, 25, 30, 45, 120 ],
    [ 3, 19, 42, 63, 106, 231 ],
    [ 3, 20, 28, 35, 56, 140 ],
    [ 3, 20, 28, 35, 84, 168 ],
    [ 3, 20, 32, 37, 90, 180 ],
    [ 3, 20, 32, 43, 76, 172 ],
    [ 3, 20, 32, 43, 96, 192 ],
    [ 3, 20, 32, 53, 74, 180 ],
    [ 3, 20, 32, 53, 86, 192 ],
    [ 3, 20, 32, 53, 106, 212 ],
    [ 3, 20, 44, 55, 100, 220 ],
    [ 3, 20, 64, 85, 170, 340 ],
    [ 3, 22, 48, 72, 121, 264 ],
    [ 3, 22, 72, 96, 169, 360 ],
    [ 3, 22, 138, 184, 345, 690 ],
    [ 3, 24, 34, 60, 85, 204 ],
    [ 3, 24, 38, 64, 89, 216 ],
    [ 3, 25, 28, 35, 86, 175 ],
    [ 3, 26, 42, 70, 113, 252 ],
    [ 3, 26, 56, 140, 197, 420 ],
    [ 3, 26, 68, 82, 177, 354 ],
    [ 3, 26, 68, 122, 217, 434 ],
    [ 3, 27, 58, 145, 204, 435 ],
    [ 3, 27, 85, 199, 312, 624 ],
    [ 3, 27, 112, 280, 420, 840 ],
    [ 3, 28, 90, 210, 301, 630 ],
    [ 3, 28, 118, 266, 413, 826 ],
    [ 3, 28, 146, 350, 525, 1050 ],
    [ 3, 28, 174, 406, 609, 1218 ],
    [ 3, 30, 64, 160, 225, 480 ],
    [ 3, 30, 94, 220, 345, 690 ],
    [ 3, 30, 124, 310, 465, 930 ],
    [ 3, 32, 50, 58, 141, 282 ],
    [ 3, 32, 50, 134, 217, 434 ],
    [ 3, 34, 44, 62, 141, 282 ],
    [ 3, 38, 52, 182, 273, 546 ],
    [ 4, 4, 4, 5, 5, 20 ],
    [ 4, 4, 5, 5, 8, 24 ],
    [ 4, 4, 5, 7, 14, 32 ],
    [ 4, 4, 5, 9, 16, 36 ],
    [ 4, 4, 5, 9, 20, 40 ],
    [ 4, 4, 5, 11, 18, 40 ],
    [ 4, 4, 5, 11, 22, 44 ],
    [ 4, 4, 5, 13, 20, 44 ],
    [ 4, 4, 6, 9, 15, 36 ],
    [ 4, 4, 7, 7, 8, 28 ],
    [ 4, 4, 7, 13, 22, 48 ],
    [ 4, 4, 7, 15, 24, 52 ],
    [ 4, 4, 9, 9, 12, 36 ],
    [ 4, 4, 9, 10, 15, 40 ],
    [ 4, 4, 9, 15, 30, 60 ],
    [ 4, 4, 9, 21, 36, 72 ],
    [ 4, 4, 10, 11, 17, 44 ],
    [ 4, 5, 5, 6, 7, 25 ],
    [ 4, 5, 5, 8, 20, 40 ],
    [ 4, 5, 6, 7, 8, 28 ],
    [ 4, 5, 6, 7, 20, 40 ],
    [ 4, 5, 6, 10, 17, 40 ],
    [ 4, 5, 6, 13, 22, 48 ],
    [ 4, 5, 6, 17, 26, 56 ],
    [ 4, 5, 6, 20, 27, 60 ],
    [ 4, 5, 6, 22, 31, 66 ],
    [ 4, 5, 6, 22, 35, 70 ],
    [ 4, 5, 7, 7, 14, 35 ],
    [ 4, 5, 7, 12, 14, 40 ],
    [ 4, 5, 7, 14, 14, 42 ],
    [ 4, 5, 7, 14, 21, 49 ],
    [ 4, 5, 7, 28, 42, 84 ],
    [ 4, 5, 8, 9, 16, 40 ],
    [ 4, 5, 8, 9, 20, 44 ],
    [ 4, 5, 8, 10, 15, 40 ],
    [ 4, 5, 8, 11, 18, 44 ],
    [ 4, 5, 8, 15, 30, 60 ],
    [ 4, 5, 8, 25, 40, 80 ],
    [ 4, 5, 9, 9, 20, 45 ],
    [ 4, 5, 11, 12, 18, 48 ],
    [ 4, 5, 11, 12, 30, 60 ],
    [ 4, 5, 12, 13, 32, 64 ],
    [ 4, 5, 12, 17, 36, 72 ],
    [ 4, 5, 12, 19, 26, 64 ],
    [ 4, 5, 12, 19, 34, 72 ],
    [ 4, 5, 12, 29, 44, 92 ],
    [ 4, 5, 14, 14, 21, 56 ],
    [ 4, 5, 14, 14, 35, 70 ],
    [ 4, 5, 14, 19, 21, 61 ],
    [ 4, 5, 14, 21, 42, 84 ],
    [ 4, 5, 14, 23, 30, 74 ],
    [ 4, 5, 14, 28, 35, 84 ],
    [ 4, 5, 16, 25, 32, 80 ],
    [ 4, 5, 17, 24, 24, 72 ],
    [ 4, 5, 17, 24, 44, 92 ],
    [ 4, 5, 17, 27, 34, 85 ],
    [ 4, 5, 17, 44, 64, 132 ],
    [ 4, 5, 18, 27, 47, 99 ],
    [ 4, 5, 19, 24, 26, 76 ],
    [ 4, 5, 19, 24, 50, 100 ],
    [ 4, 5, 19, 26, 47, 99 ],
    [ 4, 5, 19, 26, 48, 100 ],
    [ 4, 5, 21, 28, 28, 84 ],
    [ 4, 5, 21, 35, 42, 105 ],
    [ 4, 5, 23, 30, 55, 115 ],
    [ 4, 5, 23, 30, 60, 120 ],
    [ 4, 5, 24, 29, 60, 120 ],
    [ 4, 5, 24, 31, 38, 100 ],
    [ 4, 5, 24, 31, 58, 120 ],
    [ 4, 5, 24, 31, 62, 124 ],
    [ 4, 5, 28, 35, 70, 140 ],
    [ 4, 5, 28, 65, 100, 200 ],
    [ 4, 5, 29, 39, 46, 121 ],
    [ 4, 5, 29, 68, 104, 208 ],
    [ 4, 5, 32, 41, 48, 128 ],
    [ 4, 5, 32, 73, 112, 224 ],
    [ 4, 5, 34, 44, 51, 136 ],
    [ 4, 5, 34, 78, 119, 238 ],
    [ 4, 5, 37, 51, 58, 153 ],
    [ 4, 5, 37, 88, 132, 264 ],
    [ 4, 5, 38, 90, 135, 270 ],
    [ 4, 5, 42, 56, 63, 168 ],
    [ 4, 5, 42, 98, 147, 294 ],
    [ 4, 6, 6, 7, 15, 36 ],
    [ 4, 6, 6, 7, 21, 42 ],
    [ 4, 6, 7, 9, 10, 34 ],
    [ 4, 6, 7, 13, 15, 43 ],
    [ 4, 6, 7, 15, 30, 60 ],
    [ 4, 6, 7, 20, 29, 64 ],
    [ 4, 6, 7, 23, 38, 76 ],
    [ 4, 6, 7, 26, 41, 82 ],
    [ 4, 6, 7, 30, 45, 90 ],
    [ 4, 6, 8, 11, 21, 48 ],
    [ 4, 6, 8, 13, 23, 52 ],
    [ 4, 6, 9, 9, 10, 36 ],
    [ 4, 6, 9, 10, 27, 54 ],
    [ 4, 6, 9, 11, 14, 42 ],
    [ 4, 6, 9, 13, 15, 45 ],
    [ 4, 6, 9, 19, 27, 63 ],
    [ 4, 6, 9, 19, 30, 66 ],
    [ 4, 6, 9, 28, 39, 84 ],
    [ 4, 6, 10, 15, 27, 60 ],
    [ 4, 6, 11, 14, 27, 60 ],
    [ 4, 6, 11, 14, 29, 62 ],
    [ 4, 6, 11, 17, 19, 55 ],
    [ 4, 6, 11, 17, 36, 72 ],
    [ 4, 6, 11, 19, 34, 72 ],
    [ 4, 6, 11, 28, 41, 88 ],
    [ 4, 6, 11, 38, 57, 114 ],
    [ 4, 6, 13, 18, 21, 60 ],
    [ 4, 6, 13, 18, 33, 72 ],
    [ 4, 6, 13, 18, 39, 78 ],
    [ 4, 6, 13, 21, 42, 84 ],
    [ 4, 6, 13, 23, 38, 82 ],
    [ 4, 6, 13, 36, 51, 108 ],
    [ 4, 6, 14, 15, 23, 60 ],
    [ 4, 6, 15, 25, 42, 90 ],
    [ 4, 6, 15, 40, 57, 120 ],
    [ 4, 6, 16, 21, 39, 84 ],
    [ 4, 6, 17, 22, 25, 72 ],
    [ 4, 6, 17, 46, 71, 142 ],
    [ 4, 6, 20, 25, 47, 100 ],
    [ 4, 6, 21, 26, 29, 84 ],
    [ 4, 6, 21, 37, 66, 132 ],
    [ 4, 6, 21, 58, 87, 174 ],
    [ 4, 6, 22, 27, 57, 114 ],
    [ 4, 6, 26, 31, 65, 130 ],
    [ 4, 7, 8, 11, 12, 40 ],
    [ 4, 7, 8, 11, 20, 48 ],
    [ 4, 7, 8, 13, 30, 60 ],
    [ 4, 7, 8, 15, 32, 64 ],
    [ 4, 7, 8, 17, 26, 60 ],
    [ 4, 7, 8, 17, 30, 64 ],
    [ 4, 7, 8, 27, 44, 88 ],
    [ 4, 7, 9, 10, 12, 40 ],
    [ 4, 7, 9, 10, 21, 49 ],
    [ 4, 7, 9, 18, 27, 63 ],
    [ 4, 7, 9, 18, 36, 72 ],
    [ 4, 7, 10, 21, 30, 70 ],
    [ 4, 7, 10, 28, 37, 84 ],
    [ 4, 7, 12, 15, 24, 60 ],
    [ 4, 7, 12, 21, 42, 84 ],
    [ 4, 7, 12, 35, 56, 112 ],
    [ 4, 7, 13, 40, 62, 124 ],
    [ 4, 7, 15, 16, 24, 64 ],
    [ 4, 7, 16, 17, 26, 68 ],
    [ 4, 7, 16, 17, 42, 84 ],
    [ 4, 7, 16, 25, 34, 84 ],
    [ 4, 7, 16, 25, 50, 100 ],
    [ 4, 7, 18, 29, 38, 94 ],
    [ 4, 7, 18, 36, 45, 108 ],
    [ 4, 7, 20, 51, 80, 160 ],
    [ 4, 7, 23, 60, 92, 184 ],
    [ 4, 7, 25, 34, 64, 132 ],
    [ 4, 7, 27, 36, 72, 144 ],
    [ 4, 7, 27, 72, 108, 216 ],
    [ 4, 7, 29, 38, 47, 123 ],
    [ 4, 7, 32, 41, 50, 132 ],
    [ 4, 7, 32, 41, 78, 160 ],
    [ 4, 7, 36, 45, 54, 144 ],
    [ 4, 7, 36, 83, 128, 256 ],
    [ 4, 7, 39, 92, 140, 280 ],
    [ 4, 7, 40, 91, 140, 280 ],
    [ 4, 7, 46, 106, 161, 322 ],
    [ 4, 7, 47, 112, 168, 336 ],
    [ 4, 7, 50, 118, 177, 354 ],
    [ 4, 7, 54, 126, 189, 378 ],
    [ 4, 8, 9, 15, 26, 60 ],
    [ 4, 8, 9, 17, 36, 72 ],
    [ 4, 8, 9, 19, 34, 72 ],
    [ 4, 8, 9, 19, 38, 76 ],
    [ 4, 8, 9, 21, 32, 72 ],
    [ 4, 8, 10, 15, 25, 60 ],
    [ 4, 8, 11, 11, 12, 44 ],
    [ 4, 8, 11, 21, 34, 76 ],
    [ 4, 8, 11, 23, 36, 80 ],
    [ 4, 8, 13, 14, 23, 60 ],
    [ 4, 8, 13, 19, 42, 84 ],
    [ 4, 8, 13, 23, 42, 88 ],
    [ 4, 8, 13, 33, 56, 112 ],
    [ 4, 8, 14, 15, 25, 64 ],
    [ 4, 8, 15, 15, 20, 60 ],
    [ 4, 8, 15, 25, 50, 100 ],
    [ 4, 8, 15, 35, 60, 120 ],
    [ 4, 8, 17, 18, 27, 72 ],
    [ 4, 8, 18, 19, 29, 76 ],
    [ 4, 9, 9, 10, 15, 45 ],
    [ 4, 9, 10, 11, 32, 64 ],
    [ 4, 9, 10, 13, 15, 49 ],
    [ 4, 9, 10, 15, 18, 54 ],
    [ 4, 9, 10, 21, 42, 84 ],
    [ 4, 9, 10, 38, 59, 118 ],
    [ 4, 9, 12, 12, 13, 48 ],
    [ 4, 9, 12, 13, 16, 52 ],
    [ 4, 9, 12, 37, 60, 120 ],
    [ 4, 9, 13, 39, 54, 117 ],
    [ 4, 9, 14, 15, 20, 60 ],
    [ 4, 9, 16, 21, 24, 72 ],
    [ 4, 9, 16, 45, 72, 144 ],
    [ 4, 9, 19, 60, 90, 180 ],
    [ 4, 9, 20, 21, 32, 84 ],
    [ 4, 9, 22, 33, 66, 132 ],
    [ 4, 9, 22, 57, 90, 180 ],
    [ 4, 9, 22, 66, 99, 198 ],
    [ 4, 9, 24, 29, 32, 96 ],
    [ 4, 9, 24, 37, 48, 120 ],
    [ 4, 9, 31, 42, 75, 159 ],
    [ 4, 9, 31, 84, 126, 252 ],
    [ 4, 9, 33, 44, 44, 132 ],
    [ 4, 9, 33, 55, 66, 165 ],
    [ 4, 9, 35, 46, 83, 175 ],
    [ 4, 9, 35, 46, 92, 184 ],
    [ 4, 9, 40, 51, 102, 204 ],
    [ 4, 9, 44, 55, 110, 220 ],
    [ 4, 9, 44, 57, 68, 180 ],
    [ 4, 9, 48, 109, 168, 336 ],
    [ 4, 9, 57, 136, 204, 408 ],
    [ 4, 9, 62, 84, 95, 252 ],
    [ 4, 9, 66, 154, 231, 462 ],
    [ 4, 10, 11, 15, 17, 55 ],
    [ 4, 10, 11, 32, 45, 100 ],
    [ 4, 10, 11, 42, 65, 130 ],
    [ 4, 10, 12, 13, 27, 64 ],
    [ 4, 10, 12, 17, 31, 72 ],
    [ 4, 10, 13, 27, 42, 94 ],
    [ 4, 10, 13, 40, 55, 120 ],
    [ 4, 10, 14, 21, 37, 84 ],
    [ 4, 10, 15, 18, 45, 90 ],
    [ 4, 10, 17, 22, 41, 92 ],
    [ 4, 10, 17, 41, 70, 140 ],
    [ 4, 10, 17, 58, 87, 174 ],
    [ 4, 10, 19, 24, 45, 100 ],
    [ 4, 10, 19, 26, 47, 104 ],
    [ 4, 10, 19, 26, 57, 114 ],
    [ 4, 10, 19, 31, 62, 124 ],
    [ 4, 10, 19, 33, 45, 109 ],
    [ 4, 10, 22, 23, 57, 114 ],
    [ 4, 10, 24, 29, 55, 120 ],
    [ 4, 10, 24, 31, 57, 124 ],
    [ 4, 10, 28, 35, 65, 140 ],
    [ 4, 10, 31, 38, 43, 124 ],
    [ 4, 10, 34, 41, 87, 174 ],
    [ 4, 10, 38, 45, 95, 190 ],
    [ 4, 11, 12, 17, 30, 72 ],
    [ 4, 11, 12, 19, 32, 76 ],
    [ 4, 11, 12, 19, 44, 88 ],
    [ 4, 11, 12, 25, 38, 88 ],
    [ 4, 11, 12, 25, 50, 100 ],
    [ 4, 11, 13, 14, 29, 69 ],
    [ 4, 11, 13, 52, 78, 156 ],
    [ 4, 11, 14, 50, 77, 154 ],
    [ 4, 11, 17, 18, 24, 72 ],
    [ 4, 11, 24, 25, 62, 124 ],
    [ 4, 11, 28, 71, 112, 224 ],
    [ 4, 11, 30, 45, 77, 165 ],
    [ 4, 11, 39, 104, 156, 312 ],
    [ 4, 11, 41, 54, 67, 175 ],
    [ 4, 11, 52, 65, 78, 208 ],
    [ 4, 11, 52, 67, 80, 212 ],
    [ 4, 11, 56, 71, 84, 224 ],
    [ 4, 11, 67, 93, 106, 279 ],
    [ 4, 11, 74, 100, 113, 300 ],
    [ 4, 11, 78, 104, 117, 312 ],
    [ 4, 12, 13, 17, 20, 64 ],
    [ 4, 12, 13, 27, 54, 108 ],
    [ 4, 12, 14, 21, 35, 84 ],
    [ 4, 12, 15, 15, 16, 60 ],
    [ 4, 12, 15, 19, 24, 72 ],
    [ 4, 12, 15, 31, 48, 108 ],
    [ 4, 12, 19, 22, 33, 88 ],
    [ 4, 12, 21, 21, 28, 84 ],
    [ 4, 12, 21, 49, 84, 168 ],
    [ 4, 12, 22, 25, 39, 100 ],
    [ 4, 12, 26, 27, 41, 108 ],
    [ 4, 13, 16, 49, 80, 160 ],
    [ 4, 13, 32, 49, 64, 160 ],
    [ 4, 13, 45, 60, 120, 240 ],
    [ 4, 13, 45, 75, 90, 225 ],
    [ 4, 13, 60, 137, 212, 424 ],
    [ 4, 13, 86, 202, 303, 606 ],
    [ 4, 14, 16, 17, 35, 84 ],
    [ 4, 14, 16, 25, 43, 100 ],
    [ 4, 14, 17, 35, 51, 119 ],
    [ 4, 14, 25, 34, 41, 116 ],
    [ 4, 14, 25, 43, 59, 143 ],
    [ 4, 14, 25, 43, 70, 154 ],
    [ 4, 14, 27, 36, 65, 144 ],
    [ 4, 14, 30, 31, 77, 154 ],
    [ 4, 14, 41, 50, 107, 214 ],
    [ 4, 15, 16, 25, 42, 100 ],
    [ 4, 15, 18, 25, 30, 90 ],
    [ 4, 15, 18, 55, 90, 180 ],
    [ 4, 15, 36, 55, 72, 180 ],
    [ 4, 15, 51, 85, 102, 255 ],
    [ 4, 15, 53, 70, 125, 265 ],
    [ 4, 15, 53, 70, 140, 280 ],
    [ 4, 15, 68, 85, 170, 340 ],
    [ 4, 15, 68, 155, 240, 480 ],
    [ 4, 15, 72, 91, 108, 288 ],
    [ 4, 15, 87, 121, 138, 363 ],
    [ 4, 15, 98, 230, 345, 690 ],
    [ 4, 15, 102, 136, 153, 408 ],
    [ 4, 16, 17, 21, 28, 84 ],
    [ 4, 16, 19, 37, 58, 132 ],
    [ 4, 16, 23, 33, 74, 148 ],
    [ 4, 16, 27, 45, 90, 180 ],
    [ 4, 17, 20, 41, 60, 140 ],
    [ 4, 18, 19, 27, 33, 99 ],
    [ 4, 18, 31, 42, 51, 144 ],
    [ 4, 18, 31, 42, 75, 168 ],
    [ 4, 18, 31, 42, 93, 186 ],
    [ 4, 18, 31, 84, 117, 252 ],
    [ 4, 18, 33, 55, 90, 198 ],
    [ 4, 18, 44, 55, 101, 220 ],
    [ 4, 18, 51, 91, 162, 324 ],
    [ 4, 18, 62, 73, 155, 310 ],
    [ 4, 19, 28, 35, 84, 168 ],
    [ 4, 19, 28, 79, 128, 256 ],
    [ 4, 20, 23, 45, 70, 160 ],
    [ 4, 20, 23, 47, 72, 164 ],
    [ 4, 20, 33, 55, 110, 220 ],
    [ 4, 20, 33, 77, 132, 264 ],
    [ 4, 21, 24, 49, 72, 168 ],
    [ 4, 21, 48, 121, 192, 384 ],
    [ 4, 21, 69, 184, 276, 552 ],
    [ 4, 21, 96, 217, 336, 672 ],
    [ 4, 21, 117, 280, 420, 840 ],
    [ 4, 21, 138, 322, 483, 966 ],
    [ 4, 22, 39, 104, 145, 312 ],
    [ 4, 22, 61, 170, 255, 510 ],
    [ 4, 24, 27, 55, 84, 192 ],
    [ 4, 24, 33, 85, 144, 288 ],
    [ 4, 24, 39, 91, 156, 312 ],
    [ 4, 26, 29, 88, 119, 264 ],
    [ 4, 27, 30, 39, 49, 147 ],
    [ 4, 27, 30, 91, 150, 300 ],
    [ 4, 27, 34, 126, 189, 378 ],
    [ 4, 30, 33, 45, 55, 165 ],
    [ 4, 30, 33, 100, 135, 300 ],
    [ 4, 33, 42, 154, 231, 462 ],
    [ 5, 5, 6, 6, 10, 30 ],
    [ 5, 5, 6, 7, 14, 35 ],
    [ 5, 5, 6, 14, 22, 50 ],
    [ 5, 5, 8, 8, 16, 40 ],
    [ 5, 5, 8, 8, 24, 48 ],
    [ 5, 5, 8, 9, 20, 45 ],
    [ 5, 5, 8, 24, 40, 80 ],
    [ 5, 5, 9, 10, 18, 45 ],
    [ 5, 5, 9, 20, 28, 65 ],
    [ 5, 5, 11, 11, 25, 55 ],
    [ 5, 5, 11, 11, 30, 60 ],
    [ 5, 5, 13, 14, 35, 70 ],
    [ 5, 5, 16, 16, 40, 80 ],
    [ 5, 5, 16, 24, 32, 80 ],
    [ 5, 5, 19, 30, 38, 95 ],
    [ 5, 5, 24, 40, 48, 120 ],
    [ 5, 5, 28, 39, 70, 145 ],
    [ 5, 5, 33, 44, 80, 165 ],
    [ 5, 5, 43, 59, 110, 220 ],
    [ 5, 5, 48, 64, 120, 240 ],
    [ 5, 6, 7, 8, 9, 33 ],
    [ 5, 6, 7, 8, 12, 36 ],
    [ 5, 6, 7, 8, 16, 40 ],
    [ 5, 6, 7, 8, 17, 41 ],
    [ 5, 6, 7, 8, 18, 42 ],
    [ 5, 6, 7, 8, 19, 43 ],
    [ 5, 6, 7, 8, 24, 48 ],
    [ 5, 6, 7, 12, 14, 42 ],
    [ 5, 6, 7, 32, 48, 96 ],
    [ 5, 6, 8, 13, 15, 45 ],
    [ 5, 6, 8, 14, 17, 48 ],
    [ 5, 6, 8, 23, 34, 74 ],
    [ 5, 6, 8, 26, 43, 86 ],
    [ 5, 6, 8, 28, 39, 84 ],
    [ 5, 6, 10, 11, 20, 50 ],
    [ 5, 6, 10, 11, 25, 55 ],
    [ 5, 6, 10, 11, 30, 60 ],
    [ 5, 6, 10, 16, 35, 70 ],
    [ 5, 6, 10, 19, 32, 70 ],
    [ 5, 6, 11, 20, 20, 60 ],
    [ 5, 6, 13, 26, 43, 91 ],
    [ 5, 6, 16, 50, 75, 150 ],
    [ 5, 6, 19, 32, 41, 101 ],
    [ 5, 6, 22, 35, 44, 110 ],
    [ 5, 6, 22, 57, 83, 171 ],
    [ 5, 6, 25, 34, 62, 130 ],
    [ 5, 6, 31, 40, 80, 160 ],
    [ 5, 6, 33, 46, 83, 171 ],
    [ 5, 6, 39, 52, 95, 195 ],
    [ 5, 7, 8, 9, 22, 49 ],
    [ 5, 7, 11, 12, 14, 47 ],
    [ 5, 7, 11, 42, 63, 126 ],
    [ 5, 7, 12, 14, 18, 54 ],
    [ 5, 7, 13, 26, 42, 91 ],
    [ 5, 7, 19, 53, 77, 159 ],
    [ 5, 7, 21, 25, 49, 105 ],
    [ 5, 7, 23, 36, 62, 131 ],
    [ 5, 7, 23, 59, 92, 184 ],
    [ 5, 7, 28, 38, 71, 147 ],
    [ 5, 7, 29, 66, 98, 203 ],
    [ 5, 7, 33, 46, 56, 145 ],
    [ 5, 7, 34, 47, 84, 175 ],
    [ 5, 7, 34, 81, 118, 243 ],
    [ 5, 7, 38, 91, 134, 273 ],
    [ 5, 7, 39, 91, 133, 273 ],
    [ 5, 7, 41, 54, 64, 169 ],
    [ 5, 7, 43, 101, 154, 308 ],
    [ 5, 7, 53, 126, 189, 378 ],
    [ 5, 8, 8, 10, 19, 48 ],
    [ 5, 8, 8, 25, 36, 80 ],
    [ 5, 8, 9, 10, 15, 45 ],
    [ 5, 8, 9, 12, 16, 48 ],
    [ 5, 8, 9, 16, 28, 64 ],
    [ 5, 8, 9, 20, 40, 80 ],
    [ 5, 8, 9, 32, 52, 104 ],
    [ 5, 8, 10, 14, 15, 50 ],
    [ 5, 8, 10, 14, 35, 70 ],
    [ 5, 8, 10, 24, 35, 80 ],
    [ 5, 8, 11, 12, 26, 60 ],
    [ 5, 8, 11, 22, 33, 77 ],
    [ 5, 8, 11, 22, 44, 88 ],
    [ 5, 8, 12, 16, 17, 56 ],
    [ 5, 8, 12, 17, 28, 68 ],
    [ 5, 8, 12, 17, 40, 80 ],
    [ 5, 8, 12, 19, 42, 84 ],
    [ 5, 8, 12, 23, 34, 80 ],
    [ 5, 8, 12, 23, 46, 92 ],
    [ 5, 8, 12, 41, 64, 128 ],
    [ 5, 8, 14, 14, 31, 70 ],
    [ 5, 8, 14, 31, 42, 98 ],
    [ 5, 8, 15, 44, 70, 140 ],
    [ 5, 8, 16, 18, 27, 72 ],
    [ 5, 8, 16, 33, 44, 104 ],
    [ 5, 8, 17, 51, 74, 153 ],
    [ 5, 8, 18, 20, 31, 80 ],
    [ 5, 8, 19, 20, 50, 100 ],
    [ 5, 8, 20, 24, 25, 80 ],
    [ 5, 8, 21, 28, 52, 112 ],
    [ 5, 8, 22, 22, 33, 88 ],
    [ 5, 8, 22, 22, 55, 110 ],
    [ 5, 8, 22, 66, 99, 198 ],
    [ 5, 8, 23, 30, 56, 120 ],
    [ 5, 8, 24, 41, 52, 128 ],
    [ 5, 8, 24, 65, 100, 200 ],
    [ 5, 8, 25, 39, 50, 125 ],
    [ 5, 8, 25, 64, 100, 200 ],
    [ 5, 8, 28, 35, 66, 140 ],
    [ 5, 8, 29, 80, 120, 240 ],
    [ 5, 8, 31, 38, 80, 160 ],
    [ 5, 8, 31, 42, 76, 160 ],
    [ 5, 8, 33, 55, 66, 165 ],
    [ 5, 8, 36, 43, 90, 180 ],
    [ 5, 8, 36, 47, 58, 152 ],
    [ 5, 8, 36, 47, 86, 180 ],
    [ 5, 8, 36, 47, 94, 188 ],
    [ 5, 8, 39, 50, 100, 200 ],
    [ 5, 8, 44, 55, 110, 220 ],
    [ 5, 8, 45, 104, 160, 320 ],
    [ 5, 8, 48, 65, 76, 200 ],
    [ 5, 8, 50, 64, 75, 200 ],
    [ 5, 8, 56, 73, 84, 224 ],
    [ 5, 8, 58, 80, 91, 240 ],
    [ 5, 8, 66, 88, 99, 264 ],
    [ 5, 9, 10, 11, 12, 45 ],
    [ 5, 9, 10, 11, 22, 55 ],
    [ 5, 9, 11, 32, 46, 101 ],
    [ 5, 9, 12, 43, 62, 129 ],
    [ 5, 9, 16, 17, 28, 73 ],
    [ 5, 9, 17, 29, 49, 107 ],
    [ 5, 9, 20, 35, 58, 125 ],
    [ 5, 9, 24, 43, 74, 153 ],
    [ 5, 9, 39, 88, 134, 273 ],
    [ 5, 9, 48, 115, 170, 345 ],
    [ 5, 9, 57, 133, 197, 399 ],
    [ 5, 10, 11, 12, 24, 60 ],
    [ 5, 10, 13, 13, 26, 65 ],
    [ 5, 10, 13, 14, 30, 70 ],
    [ 5, 10, 13, 39, 65, 130 ],
    [ 5, 10, 14, 15, 28, 70 ],
    [ 5, 10, 14, 20, 33, 80 ],
    [ 5, 10, 14, 30, 43, 100 ],
    [ 5, 10, 16, 16, 35, 80 ],
    [ 5, 10, 18, 19, 50, 100 ],
    [ 5, 10, 21, 34, 47, 115 ],
    [ 5, 10, 23, 24, 60, 120 ],
    [ 5, 10, 26, 26, 65, 130 ],
    [ 5, 10, 26, 39, 52, 130 ],
    [ 5, 10, 29, 45, 58, 145 ],
    [ 5, 10, 34, 55, 68, 170 ],
    [ 5, 10, 34, 60, 73, 180 ],
    [ 5, 10, 39, 65, 78, 195 ],
    [ 5, 10, 43, 59, 105, 220 ],
    [ 5, 10, 48, 64, 115, 240 ],
    [ 5, 10, 53, 74, 135, 275 ],
    [ 5, 10, 63, 84, 155, 315 ],
    [ 5, 10, 68, 94, 175, 350 ],
    [ 5, 10, 73, 99, 185, 370 ],
    [ 5, 10, 78, 104, 195, 390 ],
    [ 5, 11, 12, 18, 22, 66 ],
    [ 5, 11, 12, 40, 54, 120 ],
    [ 5, 11, 14, 42, 56, 126 ],
    [ 5, 11, 17, 57, 88, 176 ],
    [ 5, 11, 28, 42, 42, 126 ],
    [ 5, 11, 29, 35, 67, 145 ],
    [ 5, 11, 40, 54, 97, 205 ],
    [ 5, 11, 45, 59, 107, 225 ],
    [ 5, 11, 51, 65, 130, 260 ],
    [ 5, 11, 51, 68, 122, 255 ],
    [ 5, 11, 56, 70, 140, 280 ],
    [ 5, 11, 58, 81, 148, 301 ],
    [ 5, 11, 69, 92, 170, 345 ],
    [ 5, 11, 73, 101, 188, 376 ],
    [ 5, 11, 84, 112, 210, 420 ],
    [ 5, 12, 13, 56, 84, 168 ],
    [ 5, 12, 16, 17, 32, 80 ],
    [ 5, 12, 16, 23, 54, 108 ],
    [ 5, 12, 17, 64, 96, 192 ],
    [ 5, 12, 21, 28, 32, 96 ],
    [ 5, 12, 21, 67, 98, 201 ],
    [ 5, 12, 31, 40, 74, 160 ],
    [ 5, 12, 34, 59, 74, 182 ],
    [ 5, 12, 43, 52, 110, 220 ],
    [ 5, 12, 44, 101, 148, 308 ],
    [ 5, 12, 49, 116, 168, 348 ],
    [ 5, 12, 68, 161, 244, 488 ],
    [ 5, 13, 14, 23, 30, 83 ],
    [ 5, 13, 15, 44, 70, 145 ],
    [ 5, 13, 16, 16, 48, 96 ],
    [ 5, 13, 16, 32, 32, 96 ],
    [ 5, 13, 23, 39, 65, 143 ],
    [ 5, 13, 38, 95, 136, 285 ],
    [ 5, 13, 41, 96, 148, 301 ],
    [ 5, 13, 48, 64, 80, 208 ],
    [ 5, 13, 48, 80, 144, 288 ],
    [ 5, 13, 51, 121, 188, 376 ],
    [ 5, 13, 54, 135, 200, 405 ],
    [ 5, 13, 55, 124, 190, 385 ],
    [ 5, 13, 64, 160, 240, 480 ],
    [ 5, 14, 18, 35, 70, 140 ],
    [ 5, 14, 20, 40, 63, 140 ],
    [ 5, 14, 22, 56, 73, 168 ],
    [ 5, 14, 26, 32, 35, 110 ],
    [ 5, 14, 26, 55, 72, 170 ],
    [ 5, 14, 27, 37, 44, 125 ],
    [ 5, 14, 30, 80, 113, 240 ],
    [ 5, 14, 32, 79, 114, 242 ],
    [ 5, 14, 34, 68, 119, 238 ],
    [ 5, 14, 46, 63, 63, 189 ],
    [ 5, 14, 49, 66, 127, 259 ],
    [ 5, 14, 50, 115, 168, 350 ],
    [ 5, 14, 54, 74, 91, 236 ],
    [ 5, 14, 55, 75, 133, 280 ],
    [ 5, 14, 59, 133, 204, 413 ],
    [ 5, 14, 60, 140, 203, 420 ],
    [ 5, 14, 63, 80, 155, 315 ],
    [ 5, 14, 73, 175, 260, 525 ],
    [ 5, 14, 74, 168, 259, 518 ],
    [ 5, 14, 78, 185, 280, 560 ],
    [ 5, 14, 87, 203, 302, 609 ],
    [ 5, 14, 88, 210, 315, 630 ],
    [ 5, 14, 92, 213, 322, 644 ],
    [ 5, 14, 97, 131, 245, 490 ],
    [ 5, 14, 102, 238, 357, 714 ],
    [ 5, 15, 19, 20, 38, 95 ],
    [ 5, 15, 19, 40, 58, 135 ],
    [ 5, 15, 49, 80, 98, 245 ],
    [ 5, 15, 78, 109, 200, 405 ],
    [ 5, 15, 93, 124, 230, 465 ],
    [ 5, 16, 16, 20, 25, 80 ],
    [ 5, 16, 19, 20, 42, 100 ],
    [ 5, 16, 19, 38, 57, 133 ],
    [ 5, 16, 22, 55, 74, 170 ],
    [ 5, 16, 28, 73, 104, 224 ],
    [ 5, 16, 33, 44, 52, 148 ],
    [ 5, 16, 33, 88, 124, 264 ],
    [ 5, 16, 33, 88, 140, 280 ],
    [ 5, 16, 35, 36, 90, 180 ],
    [ 5, 16, 44, 55, 102, 220 ],
    [ 5, 16, 49, 87, 106, 261 ],
    [ 5, 16, 52, 137, 208, 416 ],
    [ 5, 16, 57, 152, 228, 456 ],
    [ 5, 16, 60, 71, 150, 300 ],
    [ 5, 16, 60, 79, 142, 300 ],
    [ 5, 16, 76, 95, 190, 380 ],
    [ 5, 16, 82, 104, 123, 328 ],
    [ 5, 16, 104, 137, 156, 416 ],
    [ 5, 16, 114, 152, 171, 456 ],
    [ 5, 17, 20, 21, 44, 105 ],
    [ 5, 17, 21, 44, 64, 149 ],
    [ 5, 17, 22, 31, 68, 141 ],
    [ 5, 17, 24, 64, 84, 192 ],
    [ 5, 17, 27, 34, 38, 119 ],
    [ 5, 17, 37, 38, 95, 190 ],
    [ 5, 17, 44, 123, 182, 369 ],
    [ 5, 17, 46, 115, 164, 345 ],
    [ 5, 17, 63, 149, 232, 464 ],
    [ 5, 17, 64, 87, 154, 325 ],
    [ 5, 17, 69, 92, 164, 345 ],
    [ 5, 17, 103, 143, 266, 532 ],
    [ 5, 18, 40, 99, 155, 315 ],
    [ 5, 18, 75, 169, 260, 525 ],
    [ 5, 18, 79, 116, 137, 353 ],
    [ 5, 19, 23, 24, 50, 119 ],
    [ 5, 19, 35, 95, 133, 285 ],
    [ 5, 19, 44, 44, 66, 176 ],
    [ 5, 19, 89, 114, 136, 361 ],
    [ 5, 19, 127, 171, 193, 513 ],
    [ 5, 20, 23, 24, 50, 120 ],
    [ 5, 20, 24, 25, 48, 120 ],
    [ 5, 20, 24, 35, 58, 140 ],
    [ 5, 20, 29, 35, 58, 145 ],
    [ 5, 20, 36, 41, 100, 200 ],
    [ 5, 20, 36, 59, 82, 200 ],
    [ 5, 20, 43, 44, 110, 220 ],
    [ 5, 20, 49, 75, 98, 245 ],
    [ 5, 20, 64, 105, 128, 320 ],
    [ 5, 20, 69, 115, 138, 345 ],
    [ 5, 21, 21, 25, 35, 105 ],
    [ 5, 21, 25, 49, 77, 175 ],
    [ 5, 21, 32, 112, 168, 336 ],
    [ 5, 22, 27, 36, 83, 171 ],
    [ 5, 22, 27, 99, 146, 297 ],
    [ 5, 22, 28, 101, 154, 308 ],
    [ 5, 22, 56, 84, 143, 308 ],
    [ 5, 22, 84, 112, 199, 420 ],
    [ 5, 22, 128, 178, 331, 662 ],
    [ 5, 23, 24, 30, 40, 120 ],
    [ 5, 23, 27, 53, 106, 212 ],
    [ 5, 23, 50, 124, 195, 395 ],
    [ 5, 23, 123, 170, 196, 515 ],
    [ 5, 23, 146, 193, 219, 584 ],
    [ 5, 24, 28, 29, 60, 144 ],
    [ 5, 24, 28, 41, 68, 164 ],
    [ 5, 24, 28, 55, 110, 220 ],
    [ 5, 24, 32, 113, 172, 344 ],
    [ 5, 24, 80, 185, 268, 560 ],
    [ 5, 24, 85, 200, 288, 600 ],
    [ 5, 24, 109, 248, 384, 768 ],
    [ 5, 24, 128, 305, 460, 920 ],
    [ 5, 24, 152, 353, 532, 1064 ],
    [ 5, 24, 157, 368, 552, 1104 ],
    [ 5, 25, 28, 84, 140, 280 ],
    [ 5, 25, 29, 60, 88, 205 ],
    [ 5, 25, 31, 31, 65, 155 ],
    [ 5, 25, 41, 46, 115, 230 ],
    [ 5, 25, 56, 56, 140, 280 ],
    [ 5, 25, 56, 84, 112, 280 ],
    [ 5, 26, 37, 90, 119, 275 ],
    [ 5, 26, 41, 70, 135, 275 ],
    [ 5, 26, 41, 135, 200, 405 ],
    [ 5, 26, 64, 160, 227, 480 ],
    [ 5, 26, 74, 132, 235, 470 ],
    [ 5, 26, 116, 290, 435, 870 ],
    [ 5, 27, 33, 88, 146, 297 ],
    [ 5, 27, 58, 144, 227, 459 ],
    [ 5, 28, 32, 49, 112, 224 ],
    [ 5, 28, 32, 63, 126, 252 ],
    [ 5, 28, 44, 101, 132, 308 ],
    [ 5, 28, 91, 122, 239, 483 ],
    [ 5, 28, 119, 150, 295, 595 ],
    [ 5, 28, 130, 294, 455, 910 ],
    [ 5, 29, 51, 62, 70, 215 ],
    [ 5, 30, 34, 50, 83, 200 ],
    [ 5, 30, 34, 70, 103, 240 ],
    [ 5, 30, 44, 110, 143, 330 ],
    [ 5, 31, 68, 102, 204, 408 ],
    [ 5, 31, 71, 105, 105, 315 ],
    [ 5, 32, 54, 146, 235, 470 ],
    [ 5, 32, 56, 177, 268, 536 ],
    [ 5, 32, 84, 233, 352, 704 ],
    [ 5, 32, 109, 256, 368, 768 ],
    [ 5, 33, 56, 73, 132, 297 ],
    [ 5, 33, 106, 142, 251, 535 ],
    [ 5, 33, 139, 175, 350, 700 ],
    [ 5, 34, 89, 109, 126, 361 ],
    [ 5, 35, 49, 60, 98, 245 ],
    [ 5, 35, 118, 159, 280, 595 ],
    [ 5, 35, 223, 299, 560, 1120 ],
    [ 5, 36, 56, 185, 280, 560 ],
    [ 5, 37, 43, 86, 132, 301 ],
    [ 5, 38, 42, 62, 145, 290 ],
    [ 5, 38, 42, 128, 211, 422 ],
    [ 5, 38, 55, 69, 80, 245 ],
    [ 5, 38, 165, 209, 250, 665 ],
    [ 5, 38, 241, 323, 364, 969 ],
    [ 5, 39, 62, 104, 169, 377 ],
    [ 5, 39, 125, 290, 418, 875 ],
    [ 5, 39, 203, 485, 730, 1460 ],
    [ 5, 39, 242, 563, 847, 1694 ],
    [ 5, 40, 89, 135, 178, 445 ],
    [ 5, 40, 104, 185, 228, 560 ],
    [ 5, 40, 129, 215, 258, 645 ],
    [ 5, 42, 52, 71, 97, 265 ],
    [ 5, 42, 53, 196, 294, 588 ],
    [ 5, 43, 93, 230, 326, 695 ],
    [ 5, 43, 141, 187, 233, 607 ],
    [ 5, 43, 179, 445, 670, 1340 ],
    [ 5, 45, 64, 80, 128, 320 ],
    [ 5, 48, 205, 464, 720, 1440 ],
    [ 5, 49, 55, 165, 223, 495 ],
    [ 5, 49, 159, 214, 266, 691 ],
    [ 5, 50, 81, 134, 187, 455 ],
    [ 5, 51, 166, 223, 392, 835 ],
    [ 5, 51, 319, 427, 800, 1600 ],
    [ 5, 53, 75, 134, 190, 455 ],
    [ 5, 53, 84, 196, 252, 588 ],
    [ 5, 53, 86, 113, 202, 457 ],
    [ 5, 56, 72, 185, 244, 560 ],
    [ 5, 56, 88, 233, 324, 704 ],
    [ 5, 57, 76, 89, 136, 361 ],
    [ 5, 57, 241, 304, 364, 969 ],
    [ 5, 64, 205, 480, 688, 1440 ],
    [ 5, 64, 269, 608, 944, 1888 ],
    [ 5, 64, 397, 928, 1392, 2784 ],
    [ 5, 67, 82, 299, 451, 902 ],
    [ 5, 67, 143, 359, 572, 1144 ],
    [ 5, 67, 286, 359, 429, 1144 ],
    [ 5, 70, 223, 299, 525, 1120 ],
    [ 5, 70, 433, 579, 1085, 2170 ],
    [ 5, 80, 209, 375, 458, 1125 ],
    [ 5, 83, 345, 779, 1210, 2420 ],
    [ 5, 85, 273, 364, 640, 1365 ],
    [ 5, 85, 443, 619, 1150, 2300 ],
    [ 5, 85, 528, 704, 1320, 2640 ],
    [ 5, 101, 158, 423, 584, 1269 ],
    [ 5, 106, 137, 355, 464, 1065 ],
    [ 5, 112, 137, 504, 756, 1512 ],
    [ 5, 137, 168, 448, 756, 1512 ],
    [ 5, 142, 173, 463, 781, 1562 ],
    [ 6, 6, 7, 7, 18, 42 ],
    [ 6, 6, 7, 7, 24, 48 ],
    [ 6, 6, 7, 14, 17, 48 ],
    [ 6, 6, 7, 28, 39, 84 ],
    [ 6, 6, 7, 28, 45, 90 ],
    [ 6, 6, 9, 16, 19, 54 ],
    [ 6, 6, 10, 15, 25, 60 ],
    [ 6, 6, 21, 28, 31, 90 ],
    [ 6, 6, 27, 34, 37, 108 ],
    [ 6, 7, 8, 10, 19, 48 ],
    [ 6, 7, 8, 16, 29, 64 ],
    [ 6, 7, 9, 10, 12, 42 ],
    [ 6, 7, 9, 10, 15, 45 ],
    [ 6, 7, 9, 11, 20, 51 ],
    [ 6, 7, 9, 12, 16, 48 ],
    [ 6, 7, 9, 25, 39, 84 ],
    [ 6, 7, 10, 12, 33, 66 ],
    [ 6, 7, 10, 14, 35, 70 ],
    [ 6, 7, 10, 29, 44, 94 ],
    [ 6, 7, 10, 42, 63, 126 ],
    [ 6, 7, 11, 11, 22, 55 ],
    [ 6, 7, 11, 22, 44, 88 ],
    [ 6, 7, 11, 44, 66, 132 ],
    [ 6, 7, 12, 40, 57, 120 ],
    [ 6, 7, 12, 46, 69, 138 ],
    [ 6, 7, 13, 28, 39, 91 ],
    [ 6, 7, 13, 28, 45, 97 ],
    [ 6, 7, 15, 23, 26, 75 ],
    [ 6, 7, 15, 37, 63, 126 ],
    [ 6, 7, 16, 32, 53, 112 ],
    [ 6, 7, 18, 20, 29, 78 ],
    [ 6, 7, 18, 34, 45, 108 ],
    [ 6, 7, 19, 30, 54, 114 ],
    [ 6, 7, 19, 54, 84, 168 ],
    [ 6, 7, 20, 42, 53, 126 ],
    [ 6, 7, 22, 33, 33, 99 ],
    [ 6, 7, 22, 33, 66, 132 ],
    [ 6, 7, 22, 44, 55, 132 ],
    [ 6, 7, 22, 44, 77, 154 ],
    [ 6, 7, 24, 64, 93, 192 ],
    [ 6, 7, 27, 70, 102, 210 ],
    [ 6, 7, 27, 70, 108, 216 ],
    [ 6, 7, 33, 44, 44, 132 ],
    [ 6, 7, 33, 75, 112, 231 ],
    [ 6, 7, 33, 88, 132, 264 ],
    [ 6, 7, 34, 77, 116, 238 ],
    [ 6, 7, 38, 54, 65, 168 ],
    [ 6, 7, 39, 93, 136, 279 ],
    [ 6, 7, 41, 98, 144, 294 ],
    [ 6, 7, 45, 105, 154, 315 ],
    [ 6, 7, 46, 107, 164, 328 ],
    [ 6, 7, 47, 110, 168, 336 ],
    [ 6, 7, 48, 112, 165, 336 ],
    [ 6, 7, 52, 119, 182, 364 ],
    [ 6, 7, 54, 124, 189, 378 ],
    [ 6, 7, 59, 140, 210, 420 ],
    [ 6, 7, 60, 82, 153, 306 ],
    [ 6, 7, 60, 142, 213, 426 ],
    [ 6, 7, 66, 154, 231, 462 ],
    [ 6, 8, 10, 11, 23, 56 ],
    [ 6, 8, 10, 11, 33, 66 ],
    [ 6, 8, 10, 17, 39, 78 ],
    [ 6, 8, 11, 32, 49, 104 ],
    [ 6, 8, 13, 14, 39, 78 ],
    [ 6, 8, 13, 15, 20, 60 ],
    [ 6, 8, 13, 18, 35, 78 ],
    [ 6, 8, 17, 22, 43, 94 ],
    [ 6, 8, 17, 22, 45, 96 ],
    [ 6, 8, 17, 26, 55, 110 ],
    [ 6, 8, 21, 58, 83, 174 ],
    [ 6, 8, 23, 28, 57, 120 ],
    [ 6, 8, 23, 64, 93, 192 ],
    [ 6, 8, 28, 37, 71, 148 ],
    [ 6, 8, 34, 43, 89, 178 ],
    [ 6, 9, 9, 19, 22, 63 ],
    [ 6, 9, 10, 12, 25, 60 ],
    [ 6, 9, 10, 17, 20, 60 ],
    [ 6, 9, 10, 23, 23, 69 ],
    [ 6, 9, 10, 27, 40, 90 ],
    [ 6, 9, 10, 40, 57, 120 ],
    [ 6, 9, 11, 31, 44, 99 ],
    [ 6, 9, 12, 19, 22, 66 ],
    [ 6, 9, 12, 22, 25, 72 ],
    [ 6, 9, 13, 13, 39, 78 ],
    [ 6, 9, 13, 26, 26, 78 ],
    [ 6, 9, 13, 39, 52, 117 ],
    [ 6, 9, 18, 28, 31, 90 ],
    [ 6, 9, 19, 39, 52, 123 ],
    [ 6, 9, 19, 58, 90, 180 ],
    [ 6, 9, 22, 31, 33, 99 ],
    [ 6, 9, 22, 42, 55, 132 ],
    [ 6, 9, 22, 64, 99, 198 ],
    [ 6, 9, 23, 43, 56, 135 ],
    [ 6, 9, 27, 37, 40, 117 ],
    [ 6, 9, 28, 67, 99, 207 ],
    [ 6, 9, 30, 37, 40, 120 ],
    [ 6, 9, 31, 73, 111, 228 ],
    [ 6, 9, 36, 46, 49, 144 ],
    [ 6, 9, 39, 52, 52, 156 ],
    [ 6, 9, 40, 100, 147, 300 ],
    [ 6, 9, 46, 66, 79, 204 ],
    [ 6, 9, 46, 112, 171, 342 ],
    [ 6, 9, 52, 78, 91, 234 ],
    [ 6, 10, 10, 21, 45, 90 ],
    [ 6, 10, 11, 13, 38, 76 ],
    [ 6, 10, 12, 13, 27, 66 ],
    [ 6, 10, 12, 13, 33, 72 ],
    [ 6, 10, 13, 38, 55, 120 ],
    [ 6, 10, 13, 41, 68, 136 ],
    [ 6, 10, 15, 16, 45, 90 ],
    [ 6, 10, 15, 21, 40, 90 ],
    [ 6, 10, 18, 27, 49, 108 ],
    [ 6, 10, 20, 21, 35, 90 ],
    [ 6, 10, 20, 31, 65, 130 ],
    [ 6, 10, 21, 35, 35, 105 ],
    [ 6, 10, 21, 70, 105, 210 ],
    [ 6, 10, 22, 33, 63, 132 ],
    [ 6, 10, 23, 32, 37, 106 ],
    [ 6, 10, 25, 36, 75, 150 ],
    [ 6, 10, 25, 39, 72, 150 ],
    [ 6, 10, 27, 72, 103, 216 ],
    [ 6, 10, 29, 47, 61, 151 ],
    [ 6, 10, 31, 40, 45, 130 ],
    [ 6, 10, 34, 45, 87, 180 ],
    [ 6, 10, 36, 45, 85, 180 ],
    [ 6, 10, 37, 102, 153, 306 ],
    [ 6, 10, 39, 67, 81, 201 ],
    [ 6, 10, 39, 67, 120, 240 ],
    [ 6, 10, 40, 51, 105, 210 ],
    [ 6, 10, 44, 55, 107, 220 ],
    [ 6, 10, 50, 61, 125, 250 ],
    [ 6, 11, 13, 50, 78, 156 ],
    [ 6, 11, 14, 26, 29, 84 ],
    [ 6, 11, 14, 26, 55, 110 ],
    [ 6, 11, 14, 44, 59, 132 ],
    [ 6, 11, 15, 20, 25, 75 ],
    [ 6, 11, 19, 57, 80, 171 ],
    [ 6, 11, 26, 28, 41, 110 ],
    [ 6, 11, 34, 53, 91, 193 ],
    [ 6, 11, 49, 68, 83, 215 ],
    [ 6, 11, 51, 121, 176, 363 ],
    [ 6, 11, 57, 76, 137, 285 ],
    [ 6, 11, 62, 143, 220, 440 ],
    [ 6, 12, 13, 46, 75, 150 ],
    [ 6, 12, 13, 52, 75, 156 ],
    [ 6, 12, 15, 19, 22, 72 ],
    [ 6, 12, 33, 46, 49, 144 ],
    [ 6, 12, 45, 58, 61, 180 ],
    [ 6, 13, 13, 18, 30, 78 ],
    [ 6, 13, 14, 21, 38, 90 ],
    [ 6, 13, 15, 16, 33, 81 ],
    [ 6, 13, 15, 20, 23, 75 ],
    [ 6, 13, 16, 66, 99, 198 ],
    [ 6, 13, 17, 34, 68, 136 ],
    [ 6, 13, 21, 70, 108, 216 ],
    [ 6, 13, 30, 88, 135, 270 ],
    [ 6, 13, 34, 34, 51, 136 ],
    [ 6, 13, 38, 59, 101, 215 ],
    [ 6, 13, 42, 70, 123, 252 ],
    [ 6, 13, 43, 57, 111, 228 ],
    [ 6, 13, 48, 130, 195, 390 ],
    [ 6, 13, 49, 63, 129, 258 ],
    [ 6, 13, 51, 85, 153, 306 ],
    [ 6, 13, 56, 70, 137, 280 ],
    [ 6, 13, 56, 140, 207, 420 ],
    [ 6, 13, 62, 76, 155, 310 ],
    [ 6, 13, 62, 90, 107, 276 ],
    [ 6, 13, 68, 170, 255, 510 ],
    [ 6, 13, 96, 130, 147, 390 ],
    [ 6, 14, 15, 37, 56, 126 ],
    [ 6, 14, 17, 70, 105, 210 ],
    [ 6, 14, 19, 54, 77, 168 ],
    [ 6, 14, 20, 35, 67, 140 ],
    [ 6, 14, 22, 33, 59, 132 ],
    [ 6, 14, 22, 37, 77, 154 ],
    [ 6, 14, 29, 40, 73, 160 ],
    [ 6, 14, 29, 40, 87, 174 ],
    [ 6, 14, 29, 47, 80, 174 ],
    [ 6, 14, 29, 47, 94, 188 ],
    [ 6, 14, 47, 58, 65, 188 ],
    [ 6, 15, 18, 25, 28, 90 ],
    [ 6, 15, 18, 34, 37, 108 ],
    [ 6, 15, 19, 57, 76, 171 ],
    [ 6, 15, 21, 40, 40, 120 ],
    [ 6, 15, 27, 43, 46, 135 ],
    [ 6, 15, 28, 37, 42, 126 ],
    [ 6, 15, 46, 115, 165, 345 ],
    [ 6, 15, 49, 115, 177, 360 ],
    [ 6, 15, 51, 70, 70, 210 ],
    [ 6, 15, 61, 145, 225, 450 ],
    [ 6, 15, 64, 160, 237, 480 ],
    [ 6, 15, 76, 190, 285, 570 ],
    [ 6, 16, 18, 19, 39, 96 ],
    [ 6, 16, 18, 19, 57, 114 ],
    [ 6, 16, 19, 56, 89, 184 ],
    [ 6, 16, 21, 30, 55, 126 ],
    [ 6, 16, 25, 30, 75, 150 ],
    [ 6, 16, 27, 61, 81, 189 ],
    [ 6, 16, 27, 88, 129, 264 ],
    [ 6, 16, 29, 46, 95, 190 ],
    [ 6, 16, 35, 88, 137, 280 ],
    [ 6, 16, 43, 120, 177, 360 ],
    [ 6, 16, 51, 136, 201, 408 ],
    [ 6, 16, 52, 69, 135, 276 ],
    [ 6, 16, 68, 85, 167, 340 ],
    [ 6, 17, 26, 31, 72, 150 ],
    [ 6, 17, 26, 34, 55, 136 ],
    [ 6, 17, 28, 49, 70, 168 ],
    [ 6, 17, 28, 70, 91, 210 ],
    [ 6, 17, 28, 70, 119, 238 ],
    [ 6, 17, 40, 82, 143, 286 ],
    [ 6, 17, 40, 99, 143, 303 ],
    [ 6, 17, 43, 68, 89, 221 ],
    [ 6, 18, 19, 32, 41, 114 ],
    [ 6, 18, 21, 40, 43, 126 ],
    [ 6, 18, 22, 33, 55, 132 ],
    [ 6, 18, 45, 64, 67, 198 ],
    [ 6, 18, 63, 82, 85, 252 ],
    [ 6, 19, 22, 26, 65, 136 ],
    [ 6, 19, 22, 42, 87, 174 ],
    [ 6, 19, 24, 64, 105, 216 ],
    [ 6, 19, 43, 63, 123, 252 ],
    [ 6, 19, 75, 177, 256, 531 ],
    [ 6, 19, 92, 230, 345, 690 ],
    [ 6, 19, 94, 215, 332, 664 ],
    [ 6, 19, 132, 310, 465, 930 ],
    [ 6, 19, 138, 184, 345, 690 ],
    [ 6, 20, 21, 70, 95, 210 ],
    [ 6, 20, 31, 110, 165, 330 ],
    [ 6, 20, 32, 37, 87, 180 ],
    [ 6, 20, 32, 43, 93, 192 ],
    [ 6, 20, 32, 53, 103, 212 ],
    [ 6, 20, 39, 67, 110, 240 ],
    [ 6, 20, 64, 85, 167, 340 ],
    [ 6, 20, 70, 91, 185, 370 ],
    [ 6, 21, 25, 100, 150, 300 ],
    [ 6, 21, 34, 63, 88, 210 ],
    [ 6, 21, 43, 93, 118, 279 ],
    [ 6, 21, 50, 100, 125, 300 ],
    [ 6, 21, 75, 100, 100, 300 ],
    [ 6, 21, 94, 138, 163, 420 ],
    [ 6, 22, 25, 48, 99, 198 ],
    [ 6, 22, 25, 74, 103, 228 ],
    [ 6, 22, 41, 112, 179, 358 ],
    [ 6, 22, 45, 75, 124, 270 ],
    [ 6, 22, 67, 119, 212, 424 ],
    [ 6, 23, 32, 56, 109, 224 ],
    [ 6, 25, 28, 86, 143, 286 ],
    [ 6, 25, 30, 31, 90, 180 ],
    [ 6, 25, 42, 100, 129, 300 ],
    [ 6, 25, 55, 81, 165, 330 ],
    [ 6, 25, 55, 84, 162, 330 ],
    [ 6, 25, 58, 116, 203, 406 ],
    [ 6, 25, 85, 111, 225, 450 ],
    [ 6, 25, 85, 114, 222, 450 ],
    [ 6, 25, 110, 136, 275, 550 ],
    [ 6, 26, 38, 49, 117, 234 ],
    [ 6, 27, 49, 105, 136, 321 ],
    [ 6, 27, 59, 115, 146, 351 ],
    [ 6, 27, 63, 91, 94, 279 ],
    [ 6, 27, 90, 118, 121, 360 ],
    [ 6, 28, 31, 126, 189, 378 ],
    [ 6, 29, 44, 55, 77, 209 ],
    [ 6, 29, 99, 229, 332, 693 ],
    [ 6, 29, 157, 374, 564, 1128 ],
    [ 6, 30, 81, 100, 115, 330 ],
    [ 6, 31, 42, 112, 189, 378 ],
    [ 6, 31, 51, 172, 258, 516 ],
    [ 6, 31, 67, 102, 204, 408 ],
    [ 6, 31, 134, 332, 501, 1002 ],
    [ 6, 33, 52, 145, 234, 468 ],
    [ 6, 33, 148, 222, 259, 666 ],
    [ 6, 34, 57, 150, 211, 456 ],
    [ 6, 34, 77, 119, 157, 391 ],
    [ 6, 34, 91, 252, 381, 762 ],
    [ 6, 34, 111, 187, 225, 561 ],
    [ 6, 35, 50, 86, 175, 350 ],
    [ 6, 35, 50, 89, 172, 350 ],
    [ 6, 35, 123, 166, 293, 621 ],
    [ 6, 36, 81, 118, 121, 360 ],
    [ 6, 36, 117, 154, 157, 468 ],
    [ 6, 37, 79, 234, 354, 708 ],
    [ 6, 37, 127, 168, 336, 672 ],
    [ 6, 40, 90, 111, 205, 450 ],
    [ 6, 40, 130, 171, 345, 690 ],
    [ 6, 40, 170, 211, 425, 850 ],
    [ 6, 42, 117, 142, 163, 468 ],
    [ 6, 43, 138, 232, 417, 834 ],
    [ 6, 45, 72, 118, 121, 360 ],
    [ 6, 46, 102, 129, 235, 516 ],
    [ 6, 47, 68, 119, 238, 476 ],
    [ 6, 50, 80, 131, 265, 530 ],
    [ 6, 50, 160, 211, 425, 850 ],
    [ 6, 52, 87, 234, 325, 702 ],
    [ 6, 52, 113, 286, 455, 910 ],
    [ 6, 52, 165, 442, 663, 1326 ],
    [ 6, 57, 130, 325, 459, 975 ],
    [ 6, 57, 187, 439, 687, 1374 ],
    [ 6, 57, 244, 610, 915, 1830 ],
    [ 6, 58, 99, 132, 235, 528 ],
    [ 6, 62, 98, 133, 297, 594 ],
    [ 6, 67, 84, 226, 381, 762 ],
    [ 6, 68, 94, 119, 191, 476 ],
    [ 6, 68, 110, 127, 309, 618 ],
    [ 7, 7, 8, 8, 28, 56 ],
    [ 7, 7, 8, 16, 20, 56 ],
    [ 7, 7, 12, 18, 42, 84 ],
    [ 7, 7, 12, 24, 36, 84 ],
    [ 7, 7, 17, 34, 56, 119 ],
    [ 7, 7, 18, 42, 54, 126 ],
    [ 7, 7, 24, 48, 84, 168 ],
    [ 7, 8, 8, 14, 21, 56 ],
    [ 7, 8, 8, 35, 56, 112 ],
    [ 7, 8, 9, 14, 27, 63 ],
    [ 7, 8, 9, 18, 32, 72 ],
    [ 7, 8, 10, 12, 25, 60 ],
    [ 7, 8, 11, 20, 44, 88 ],
    [ 7, 8, 11, 24, 40, 88 ],
    [ 7, 8, 12, 21, 38, 84 ],
    [ 7, 8, 12, 35, 52, 112 ],
    [ 7, 8, 13, 26, 52, 104 ],
    [ 7, 8, 15, 28, 56, 112 ],
    [ 7, 8, 16, 16, 19, 64 ],
    [ 7, 8, 16, 35, 48, 112 ],
    [ 7, 8, 18, 18, 41, 90 ],
    [ 7, 8, 20, 51, 76, 160 ],
    [ 7, 8, 26, 52, 65, 156 ],
    [ 7, 8, 27, 72, 104, 216 ],
    [ 7, 8, 31, 44, 80, 168 ],
    [ 7, 8, 31, 80, 124, 248 ],
    [ 7, 8, 32, 83, 128, 256 ],
    [ 7, 8, 39, 104, 156, 312 ],
    [ 7, 8, 40, 91, 136, 280 ],
    [ 7, 8, 45, 58, 116, 232 ],
    [ 7, 8, 47, 112, 164, 336 ],
    [ 7, 8, 52, 65, 130, 260 ],
    [ 7, 8, 55, 128, 196, 392 ],
    [ 7, 8, 62, 80, 93, 248 ],
    [ 7, 8, 64, 147, 224, 448 ],
    [ 7, 8, 71, 168, 252, 504 ],
    [ 7, 9, 9, 13, 36, 72 ],
    [ 7, 9, 10, 12, 13, 49 ],
    [ 7, 9, 10, 12, 36, 72 ],
    [ 7, 9, 10, 16, 33, 73 ],
    [ 7, 9, 10, 24, 39, 87 ],
    [ 7, 9, 10, 39, 54, 117 ],
    [ 7, 9, 12, 15, 34, 75 ],
    [ 7, 9, 12, 20, 26, 72 ],
    [ 7, 9, 12, 52, 78, 156 ],
    [ 7, 9, 13, 18, 27, 72 ],
    [ 7, 9, 15, 16, 18, 63 ],
    [ 7, 9, 15, 16, 19, 64 ],
    [ 7, 9, 16, 18, 24, 72 ],
    [ 7, 9, 18, 39, 64, 135 ],
    [ 7, 9, 19, 38, 62, 133 ],
    [ 7, 9, 22, 30, 33, 99 ],
    [ 7, 9, 25, 69, 99, 207 ],
    [ 7, 9, 31, 74, 110, 229 ],
    [ 7, 9, 33, 39, 79, 165 ],
    [ 7, 9, 33, 41, 44, 132 ],
    [ 7, 9, 33, 52, 90, 189 ],
    [ 7, 9, 33, 78, 118, 243 ],
    [ 7, 9, 45, 102, 154, 315 ],
    [ 7, 9, 54, 129, 190, 387 ],
    [ 7, 9, 57, 133, 195, 399 ],
    [ 7, 9, 66, 151, 231, 462 ],
    [ 7, 9, 75, 178, 267, 534 ],
    [ 7, 10, 12, 14, 29, 70 ],
    [ 7, 10, 14, 20, 21, 70 ],
    [ 7, 10, 14, 41, 63, 133 ],
    [ 7, 10, 14, 48, 77, 154 ],
    [ 7, 10, 19, 34, 61, 129 ],
    [ 7, 10, 21, 27, 28, 91 ],
    [ 7, 10, 76, 99, 114, 304 ],
    [ 7, 11, 12, 14, 42, 84 ],
    [ 7, 11, 12, 28, 28, 84 ],
    [ 7, 11, 14, 21, 40, 91 ],
    [ 7, 11, 15, 55, 79, 165 ],
    [ 7, 11, 16, 24, 56, 112 ],
    [ 7, 11, 16, 32, 64, 128 ],
    [ 7, 11, 19, 35, 70, 140 ],
    [ 7, 11, 21, 56, 82, 175 ],
    [ 7, 11, 22, 23, 38, 99 ],
    [ 7, 11, 23, 39, 71, 149 ],
    [ 7, 11, 28, 77, 110, 231 ],
    [ 7, 11, 42, 63, 110, 231 ],
    [ 7, 11, 42, 105, 152, 315 ],
    [ 7, 11, 49, 112, 166, 343 ],
    [ 7, 11, 53, 69, 85, 223 ],
    [ 7, 11, 53, 127, 196, 392 ],
    [ 7, 11, 63, 84, 152, 315 ],
    [ 7, 11, 64, 80, 96, 256 ],
    [ 7, 11, 64, 160, 240, 480 ],
    [ 7, 11, 71, 167, 254, 508 ],
    [ 7, 11, 75, 100, 184, 375 ],
    [ 7, 11, 82, 189, 287, 574 ],
    [ 7, 11, 96, 128, 240, 480 ],
    [ 7, 12, 12, 13, 30, 72 ],
    [ 7, 12, 13, 30, 30, 90 ],
    [ 7, 12, 14, 18, 35, 84 ],
    [ 7, 12, 15, 16, 24, 72 ],
    [ 7, 12, 15, 24, 28, 84 ],
    [ 7, 12, 16, 20, 23, 76 ],
    [ 7, 12, 18, 21, 28, 84 ],
    [ 7, 12, 18, 70, 105, 210 ],
    [ 7, 12, 22, 66, 93, 198 ],
    [ 7, 12, 26, 48, 65, 156 ],
    [ 7, 12, 27, 81, 118, 243 ],
    [ 7, 12, 28, 39, 84, 168 ],
    [ 7, 12, 28, 45, 78, 168 ],
    [ 7, 12, 30, 94, 141, 282 ],
    [ 7, 12, 33, 88, 126, 264 ],
    [ 7, 12, 34, 68, 85, 204 ],
    [ 7, 12, 34, 102, 153, 306 ],
    [ 7, 12, 39, 56, 56, 168 ],
    [ 7, 12, 39, 100, 156, 312 ],
    [ 7, 12, 49, 60, 126, 252 ],
    [ 7, 12, 49, 66, 120, 252 ],
    [ 7, 12, 51, 136, 204, 408 ],
    [ 7, 12, 52, 119, 176, 364 ],
    [ 7, 12, 59, 140, 204, 420 ],
    [ 7, 12, 66, 154, 225, 462 ],
    [ 7, 12, 71, 164, 252, 504 ],
    [ 7, 12, 76, 179, 272, 544 ],
    [ 7, 12, 78, 178, 273, 546 ],
    [ 7, 12, 88, 203, 308, 616 ],
    [ 7, 12, 90, 124, 141, 372 ],
    [ 7, 12, 90, 214, 321, 642 ],
    [ 7, 12, 95, 224, 336, 672 ],
    [ 7, 12, 102, 238, 357, 714 ],
    [ 7, 13, 13, 21, 39, 91 ],
    [ 7, 13, 14, 17, 49, 98 ],
    [ 7, 13, 25, 48, 66, 157 ],
    [ 7, 13, 27, 63, 81, 189 ],
    [ 7, 13, 41, 59, 105, 223 ],
    [ 7, 13, 47, 65, 65, 195 ],
    [ 7, 13, 52, 70, 133, 273 ],
    [ 7, 13, 74, 103, 188, 383 ],
    [ 7, 13, 95, 131, 244, 488 ],
    [ 7, 14, 19, 38, 57, 133 ],
    [ 7, 14, 24, 48, 77, 168 ],
    [ 7, 14, 25, 63, 82, 189 ],
    [ 7, 14, 31, 62, 105, 217 ],
    [ 7, 14, 38, 76, 133, 266 ],
    [ 7, 15, 15, 21, 49, 105 ],
    [ 7, 15, 16, 24, 60, 120 ],
    [ 7, 15, 16, 28, 48, 112 ],
    [ 7, 15, 18, 29, 38, 105 ],
    [ 7, 15, 24, 32, 44, 120 ],
    [ 7, 15, 33, 66, 112, 231 ],
    [ 7, 15, 53, 139, 212, 424 ],
    [ 7, 16, 17, 38, 59, 135 ],
    [ 7, 16, 22, 24, 45, 112 ],
    [ 7, 16, 24, 32, 35, 112 ],
    [ 7, 16, 32, 83, 120, 256 ],
    [ 7, 16, 39, 52, 96, 208 ],
    [ 7, 16, 39, 104, 148, 312 ],
    [ 7, 16, 40, 48, 51, 160 ],
    [ 7, 16, 47, 120, 188, 376 ],
    [ 7, 16, 64, 147, 216, 448 ],
    [ 7, 16, 68, 81, 170, 340 ],
    [ 7, 16, 71, 168, 244, 504 ],
    [ 7, 16, 87, 200, 308, 616 ],
    [ 7, 16, 96, 227, 344, 688 ],
    [ 7, 17, 33, 55, 110, 220 ],
    [ 7, 17, 49, 76, 98, 245 ],
    [ 7, 18, 27, 75, 118, 243 ],
    [ 7, 18, 28, 42, 75, 168 ],
    [ 7, 18, 28, 84, 117, 252 ],
    [ 7, 18, 34, 45, 51, 153 ],
    [ 7, 18, 34, 96, 153, 306 ],
    [ 7, 18, 37, 60, 120, 240 ],
    [ 7, 18, 37, 102, 162, 324 ],
    [ 7, 18, 40, 126, 189, 378 ],
    [ 7, 18, 42, 70, 117, 252 ],
    [ 7, 18, 49, 63, 117, 252 ],
    [ 7, 18, 60, 106, 189, 378 ],
    [ 7, 18, 67, 90, 162, 342 ],
    [ 7, 18, 81, 183, 280, 567 ],
    [ 7, 18, 84, 196, 285, 588 ],
    [ 7, 18, 99, 237, 352, 711 ],
    [ 7, 18, 102, 232, 357, 714 ],
    [ 7, 18, 117, 273, 406, 819 ],
    [ 7, 18, 120, 286, 429, 858 ],
    [ 7, 18, 138, 322, 483, 966 ],
    [ 7, 19, 32, 40, 56, 152 ],
    [ 7, 19, 32, 112, 168, 336 ],
    [ 7, 19, 40, 69, 114, 247 ],
    [ 7, 19, 46, 114, 177, 361 ],
    [ 7, 19, 48, 72, 72, 216 ],
    [ 7, 19, 65, 171, 253, 513 ],
    [ 7, 20, 22, 74, 121, 242 ],
    [ 7, 20, 24, 71, 100, 220 ],
    [ 7, 20, 26, 102, 153, 306 ],
    [ 7, 20, 31, 35, 84, 175 ],
    [ 7, 21, 31, 62, 98, 217 ],
    [ 7, 21, 38, 83, 140, 287 ],
    [ 7, 21, 39, 91, 117, 273 ],
    [ 7, 21, 45, 90, 154, 315 ],
    [ 7, 21, 45, 97, 168, 336 ],
    [ 7, 21, 52, 104, 182, 364 ],
    [ 7, 22, 111, 143, 170, 451 ],
    [ 7, 23, 24, 40, 92, 184 ],
    [ 7, 23, 31, 37, 96, 192 ],
    [ 7, 24, 30, 88, 117, 264 ],
    [ 7, 24, 42, 118, 189, 378 ],
    [ 7, 24, 51, 136, 192, 408 ],
    [ 7, 24, 61, 78, 144, 312 ],
    [ 7, 24, 63, 76, 84, 252 ],
    [ 7, 24, 63, 160, 252, 504 ],
    [ 7, 24, 68, 119, 148, 364 ],
    [ 7, 24, 87, 232, 348, 696 ],
    [ 7, 24, 88, 203, 296, 616 ],
    [ 7, 24, 95, 224, 324, 672 ],
    [ 7, 24, 119, 272, 420, 840 ],
    [ 7, 24, 126, 160, 189, 504 ],
    [ 7, 24, 136, 323, 488, 976 ],
    [ 7, 24, 160, 371, 560, 1120 ],
    [ 7, 24, 167, 392, 588, 1176 ],
    [ 7, 24, 174, 232, 261, 696 ],
    [ 7, 25, 49, 133, 187, 399 ],
    [ 7, 26, 39, 70, 133, 273 ],
    [ 7, 26, 54, 90, 149, 324 ],
    [ 7, 26, 80, 142, 253, 506 ],
    [ 7, 26, 139, 194, 357, 721 ],
    [ 7, 27, 55, 119, 206, 412 ],
    [ 7, 27, 117, 264, 406, 819 ],
    [ 7, 27, 144, 345, 514, 1035 ],
    [ 7, 27, 171, 399, 595, 1197 ],
    [ 7, 28, 33, 66, 99, 231 ],
    [ 7, 29, 33, 98, 136, 301 ],
    [ 7, 29, 102, 136, 170, 442 ],
    [ 7, 29, 110, 259, 374, 777 ],
    [ 7, 29, 117, 273, 395, 819 ],
    [ 7, 29, 139, 317, 490, 980 ],
    [ 7, 29, 146, 331, 511, 1022 ],
    [ 7, 29, 197, 462, 693, 1386 ],
    [ 7, 29, 204, 476, 714, 1428 ],
    [ 7, 30, 45, 51, 124, 255 ],
    [ 7, 31, 49, 62, 70, 217 ],
    [ 7, 31, 53, 70, 128, 287 ],
    [ 7, 31, 82, 99, 210, 427 ],
    [ 7, 31, 113, 149, 298, 596 ],
    [ 7, 32, 38, 112, 149, 336 ],
    [ 7, 32, 43, 160, 240, 480 ],
    [ 7, 32, 44, 111, 148, 340 ],
    [ 7, 32, 56, 147, 208, 448 ],
    [ 7, 32, 58, 66, 161, 322 ],
    [ 7, 32, 58, 158, 253, 506 ],
    [ 7, 32, 104, 275, 416, 832 ],
    [ 7, 32, 112, 259, 376, 784 ],
    [ 7, 32, 176, 419, 632, 1264 ],
    [ 7, 32, 208, 483, 728, 1456 ],
    [ 7, 33, 38, 76, 152, 304 ],
    [ 7, 33, 39, 154, 231, 462 ],
    [ 7, 33, 61, 165, 231, 495 ],
    [ 7, 33, 174, 243, 448, 903 ],
    [ 7, 34, 50, 72, 161, 322 ],
    [ 7, 34, 50, 128, 217, 434 ],
    [ 7, 34, 54, 145, 231, 469 ],
    [ 7, 36, 36, 49, 126, 252 ],
    [ 7, 36, 40, 52, 63, 196 ],
    [ 7, 36, 40, 119, 164, 364 ],
    [ 7, 36, 49, 72, 90, 252 ],
    [ 7, 36, 138, 322, 465, 966 ],
    [ 7, 36, 157, 198, 396, 792 ],
    [ 7, 36, 174, 394, 609, 1218 ],
    [ 7, 36, 246, 574, 861, 1722 ],
    [ 7, 37, 117, 137, 289, 585 ],
    [ 7, 38, 44, 130, 217, 434 ],
    [ 7, 38, 84, 209, 329, 665 ],
    [ 7, 38, 86, 129, 129, 387 ],
    [ 7, 38, 122, 323, 481, 969 ],
    [ 7, 39, 40, 56, 140, 280 ],
    [ 7, 39, 65, 109, 211, 429 ],
    [ 7, 39, 102, 183, 322, 651 ],
    [ 7, 39, 123, 288, 448, 903 ],
    [ 7, 39, 162, 405, 604, 1215 ],
    [ 7, 40, 216, 299, 344, 904 ],
    [ 7, 42, 60, 154, 201, 462 ],
    [ 7, 43, 48, 144, 240, 480 ],
    [ 7, 43, 53, 53, 111, 265 ],
    [ 7, 43, 96, 144, 192, 480 ],
    [ 7, 44, 55, 67, 104, 275 ],
    [ 7, 45, 143, 379, 572, 1144 ],
    [ 7, 45, 286, 379, 429, 1144 ],
    [ 7, 46, 57, 76, 177, 361 ],
    [ 7, 48, 75, 87, 208, 423 ],
    [ 7, 48, 75, 201, 322, 651 ],
    [ 7, 48, 160, 371, 536, 1120 ],
    [ 7, 48, 256, 611, 920, 1840 ],
    [ 7, 48, 304, 707, 1064, 2128 ],
    [ 7, 51, 66, 93, 208, 423 ],
    [ 7, 52, 138, 169, 195, 559 ],
    [ 7, 52, 169, 226, 445, 897 ],
    [ 7, 53, 116, 232, 290, 696 ],
    [ 7, 54, 72, 85, 216, 432 ],
    [ 7, 54, 85, 144, 144, 432 ],
    [ 7, 54, 93, 297, 442, 891 ],
    [ 7, 54, 175, 234, 414, 882 ],
    [ 7, 54, 225, 507, 784, 1575 ],
    [ 7, 54, 279, 669, 1000, 2007 ],
    [ 7, 54, 333, 777, 1162, 2331 ],
    [ 7, 56, 88, 203, 264, 616 ],
    [ 7, 57, 78, 273, 406, 819 ],
    [ 7, 57, 122, 304, 481, 969 ],
    [ 7, 57, 179, 475, 709, 1425 ],
    [ 7, 59, 76, 273, 406, 819 ],
    [ 7, 60, 78, 286, 429, 858 ],
    [ 7, 61, 99, 165, 165, 495 ],
    [ 7, 63, 73, 146, 224, 511 ],
    [ 7, 63, 108, 237, 406, 819 ],
    [ 7, 63, 136, 272, 476, 952 ],
    [ 7, 64, 104, 275, 384, 832 ],
    [ 7, 64, 200, 531, 800, 1600 ],
    [ 7, 65, 104, 138, 247, 559 ],
    [ 7, 66, 287, 363, 434, 1155 ],
    [ 7, 66, 419, 561, 632, 1683 ],
    [ 7, 69, 110, 184, 299, 667 ],
    [ 7, 72, 108, 121, 306, 612 ],
    [ 7, 72, 229, 270, 576, 1152 ],
    [ 7, 73, 239, 317, 395, 1029 ],
    [ 7, 80, 104, 371, 560, 1120 ],
    [ 7, 80, 208, 371, 456, 1120 ],
    [ 7, 81, 175, 434, 614, 1309 ],
    [ 7, 81, 337, 839, 1262, 2524 ],
    [ 7, 83, 269, 362, 450, 1169 ],
    [ 7, 91, 144, 336, 432, 1008 ],
    [ 7, 93, 111, 124, 163, 496 ],
    [ 7, 95, 154, 203, 362, 819 ],
    [ 7, 96, 304, 707, 1016, 2128 ],
    [ 7, 96, 496, 1187, 1784, 3568 ],
    [ 7, 96, 592, 1379, 2072, 4144 ],
    [ 7, 99, 160, 429, 594, 1287 ],
    [ 7, 99, 419, 528, 632, 1683 ],
    [ 7, 100, 118, 131, 177, 531 ],
    [ 7, 101, 215, 267, 487, 1075 ],
    [ 7, 103, 177, 563, 848, 1696 ],
    [ 7, 106, 149, 265, 376, 901 ],
    [ 7, 108, 229, 288, 522, 1152 ],
    [ 7, 109, 175, 294, 474, 1057 ],
    [ 7, 112, 144, 371, 488, 1120 ],
    [ 7, 113, 155, 539, 812, 1624 ],
    [ 7, 113, 241, 605, 964, 1928 ],
    [ 7, 113, 354, 944, 1416, 2832 ],
    [ 7, 113, 482, 605, 723, 1928 ],
    [ 7, 136, 355, 637, 778, 1911 ],
    [ 7, 145, 458, 1071, 1534, 3213 ],
    [ 7, 145, 603, 1361, 2114, 4228 ],
    [ 7, 145, 893, 2086, 3129, 6258 ],
    [ 7, 182, 235, 609, 796, 1827 ],
    [ 7, 189, 325, 713, 1232, 2464 ],
    [ 8, 8, 9, 12, 13, 48 ],
    [ 8, 8, 13, 33, 52, 112 ],
    [ 8, 8, 15, 35, 56, 120 ],
    [ 8, 8, 17, 37, 60, 128 ],
    [ 8, 8, 19, 47, 80, 160 ],
    [ 8, 8, 21, 49, 84, 168 ],
    [ 8, 9, 10, 14, 25, 64 ],
    [ 8, 9, 10, 15, 20, 60 ],
    [ 8, 9, 10, 20, 35, 80 ],
    [ 8, 9, 11, 13, 14, 53 ],
    [ 8, 9, 12, 37, 56, 120 ],
    [ 8, 9, 13, 24, 44, 96 ],
    [ 8, 9, 13, 28, 56, 112 ],
    [ 8, 9, 13, 35, 50, 113 ],
    [ 8, 9, 16, 45, 68, 144 ],
    [ 8, 9, 19, 60, 86, 180 ],
    [ 8, 9, 22, 66, 95, 198 ],
    [ 8, 9, 28, 69, 104, 216 ],
    [ 8, 9, 37, 59, 74, 185 ],
    [ 8, 9, 37, 96, 140, 288 ],
    [ 8, 9, 41, 52, 108, 216 ],
    [ 8, 9, 48, 109, 164, 336 ],
    [ 8, 9, 52, 67, 82, 216 ],
    [ 8, 9, 52, 67, 134, 268 ],
    [ 8, 9, 57, 136, 200, 408 ],
    [ 8, 10, 11, 22, 39, 88 ],
    [ 8, 10, 12, 17, 35, 80 ],
    [ 8, 10, 12, 23, 41, 92 ],
    [ 8, 10, 13, 15, 44, 88 ],
    [ 8, 10, 15, 18, 41, 90 ],
    [ 8, 10, 15, 44, 65, 140 ],
    [ 8, 10, 17, 22, 55, 110 ],
    [ 8, 10, 19, 60, 85, 180 ],
    [ 8, 10, 23, 30, 61, 130 ],
    [ 8, 10, 25, 64, 95, 200 ],
    [ 8, 10, 29, 80, 115, 240 ],
    [ 8, 10, 33, 55, 94, 198 ],
    [ 8, 10, 35, 94, 145, 290 ],
    [ 8, 10, 36, 43, 85, 180 ],
    [ 8, 10, 36, 47, 89, 188 ],
    [ 8, 10, 38, 45, 91, 190 ],
    [ 8, 10, 44, 55, 105, 220 ],
    [ 8, 10, 46, 57, 119, 238 ],
    [ 8, 10, 54, 65, 135, 270 ],
    [ 8, 11, 11, 16, 44, 88 ],
    [ 8, 11, 12, 19, 40, 88 ],
    [ 8, 11, 13, 52, 74, 156 ],
    [ 8, 11, 15, 32, 56, 120 ],
    [ 8, 11, 15, 56, 88, 176 ],
    [ 8, 11, 16, 22, 33, 88 ],
    [ 8, 11, 16, 55, 88, 176 ],
    [ 8, 11, 17, 68, 102, 204 ],
    [ 8, 11, 20, 43, 60, 140 ],
    [ 8, 11, 24, 47, 64, 152 ],
    [ 8, 11, 26, 78, 113, 234 ],
    [ 8, 11, 30, 56, 73, 176 ],
    [ 8, 11, 32, 39, 40, 128 ],
    [ 8, 11, 46, 69, 121, 253 ],
    [ 8, 11, 51, 68, 136, 272 ],
    [ 8, 11, 60, 77, 154, 308 ],
    [ 8, 11, 68, 85, 102, 272 ],
    [ 8, 11, 72, 167, 256, 512 ],
    [ 8, 12, 13, 16, 17, 64 ],
    [ 8, 12, 13, 21, 44, 96 ],
    [ 8, 12, 21, 25, 32, 96 ],
    [ 8, 12, 21, 49, 80, 168 ],
    [ 8, 12, 23, 23, 28, 92 ],
    [ 8, 12, 23, 41, 74, 156 ],
    [ 8, 13, 14, 58, 91, 182 ],
    [ 8, 13, 17, 32, 36, 104 ],
    [ 8, 13, 17, 32, 68, 136 ],
    [ 8, 13, 20, 65, 104, 208 ],
    [ 8, 13, 32, 34, 51, 136 ],
    [ 8, 13, 34, 64, 83, 200 ],
    [ 8, 13, 38, 38, 95, 190 ],
    [ 8, 13, 40, 65, 84, 208 ],
    [ 8, 13, 45, 60, 116, 240 ],
    [ 8, 13, 57, 76, 152, 304 ],
    [ 8, 14, 17, 19, 37, 93 ],
    [ 8, 14, 18, 29, 67, 134 ],
    [ 8, 14, 23, 26, 43, 112 ],
    [ 8, 14, 23, 26, 69, 138 ],
    [ 8, 14, 23, 49, 69, 161 ],
    [ 8, 14, 25, 30, 45, 120 ],
    [ 8, 14, 29, 42, 91, 182 ],
    [ 8, 14, 31, 80, 117, 248 ],
    [ 8, 14, 33, 59, 79, 191 ],
    [ 8, 14, 45, 122, 187, 374 ],
    [ 8, 14, 52, 65, 123, 260 ],
    [ 8, 14, 66, 79, 165, 330 ],
    [ 8, 15, 19, 40, 80, 160 ],
    [ 8, 15, 22, 56, 77, 176 ],
    [ 8, 15, 24, 35, 40, 120 ],
    [ 8, 15, 38, 40, 61, 160 ],
    [ 8, 15, 44, 115, 180, 360 ],
    [ 8, 15, 53, 70, 136, 280 ],
    [ 8, 15, 59, 160, 240, 480 ],
    [ 8, 15, 68, 85, 166, 340 ],
    [ 8, 15, 88, 115, 136, 360 ],
    [ 8, 15, 95, 224, 340, 680 ],
    [ 8, 15, 118, 160, 181, 480 ],
    [ 8, 16, 19, 47, 72, 160 ],
    [ 8, 16, 21, 49, 76, 168 ],
    [ 8, 16, 25, 53, 84, 184 ],
    [ 8, 16, 27, 63, 104, 216 ],
    [ 8, 16, 29, 65, 108, 224 ],
    [ 8, 16, 29, 73, 124, 248 ],
    [ 8, 16, 31, 75, 128, 256 ],
    [ 8, 16, 33, 77, 132, 264 ],
    [ 8, 17, 23, 46, 69, 161 ],
    [ 8, 17, 26, 32, 55, 136 ],
    [ 8, 17, 26, 55, 87, 191 ],
    [ 8, 17, 28, 51, 102, 204 ],
    [ 8, 17, 52, 133, 208, 416 ],
    [ 8, 17, 69, 184, 276, 552 ],
    [ 8, 17, 96, 221, 340, 680 ],
    [ 8, 17, 104, 133, 156, 416 ],
    [ 8, 17, 138, 184, 207, 552 ],
    [ 8, 18, 22, 35, 81, 162 ],
    [ 8, 18, 23, 68, 97, 212 ],
    [ 8, 18, 31, 42, 89, 186 ],
    [ 8, 18, 41, 52, 99, 216 ],
    [ 8, 18, 52, 67, 125, 268 ],
    [ 8, 18, 70, 85, 179, 358 ],
    [ 8, 19, 20, 35, 80, 160 ],
    [ 8, 19, 20, 45, 70, 160 ],
    [ 8, 19, 28, 35, 80, 168 ],
    [ 8, 19, 30, 40, 65, 160 ],
    [ 8, 19, 67, 92, 92, 276 ],
    [ 8, 20, 21, 37, 84, 168 ],
    [ 8, 20, 21, 47, 74, 168 ],
    [ 8, 20, 21, 47, 94, 188 ],
    [ 8, 20, 29, 55, 90, 200 ],
    [ 8, 20, 33, 55, 106, 220 ],
    [ 8, 20, 35, 35, 44, 140 ],
    [ 8, 20, 35, 38, 61, 160 ],
    [ 8, 20, 37, 42, 63, 168 ],
    [ 8, 20, 39, 65, 130, 260 ],
    [ 8, 20, 42, 47, 73, 188 ],
    [ 8, 21, 22, 98, 147, 294 ],
    [ 8, 21, 29, 56, 112, 224 ],
    [ 8, 21, 48, 121, 188, 384 ],
    [ 8, 21, 69, 184, 272, 552 ],
    [ 8, 21, 96, 217, 332, 672 ],
    [ 8, 21, 117, 280, 416, 840 ],
    [ 8, 22, 33, 38, 99, 198 ],
    [ 8, 22, 51, 68, 125, 272 ],
    [ 8, 22, 60, 77, 143, 308 ],
    [ 8, 22, 73, 90, 191, 382 ],
    [ 8, 22, 82, 99, 209, 418 ],
    [ 8, 23, 40, 115, 184, 368 ],
    [ 8, 23, 41, 44, 114, 228 ],
    [ 8, 23, 60, 95, 124, 308 ],
    [ 8, 23, 79, 108, 208, 424 ],
    [ 8, 23, 83, 141, 170, 423 ],
    [ 8, 23, 104, 235, 360, 728 ],
    [ 8, 23, 127, 304, 452, 912 ],
    [ 8, 24, 33, 85, 140, 288 ],
    [ 8, 24, 39, 91, 152, 312 ],
    [ 8, 25, 37, 111, 154, 333 ],
    [ 8, 25, 62, 186, 279, 558 ],
    [ 8, 25, 85, 139, 170, 425 ],
    [ 8, 25, 116, 147, 178, 472 ],
    [ 8, 25, 170, 224, 255, 680 ],
    [ 8, 28, 34, 51, 85, 204 ],
    [ 8, 28, 51, 51, 68, 204 ],
    [ 8, 29, 34, 47, 54, 170 ],
    [ 8, 29, 44, 53, 124, 256 ],
    [ 8, 29, 101, 132, 268, 536 ],
    [ 8, 29, 103, 138, 268, 544 ],
    [ 8, 29, 132, 167, 326, 660 ],
    [ 8, 30, 53, 70, 151, 310 ],
    [ 8, 30, 59, 160, 225, 480 ],
    [ 8, 31, 32, 75, 112, 256 ],
    [ 8, 31, 72, 179, 280, 568 ],
    [ 8, 31, 86, 129, 221, 473 ],
    [ 8, 31, 103, 272, 404, 816 ],
    [ 8, 31, 109, 142, 288, 576 ],
    [ 8, 31, 140, 173, 350, 700 ],
    [ 8, 32, 33, 77, 116, 264 ],
    [ 8, 32, 41, 85, 132, 296 ],
    [ 8, 32, 43, 111, 184, 376 ],
    [ 8, 32, 49, 125, 212, 424 ],
    [ 8, 32, 53, 121, 204, 416 ],
    [ 8, 32, 55, 131, 224, 448 ],
    [ 8, 32, 57, 133, 228, 456 ],
    [ 8, 33, 38, 55, 66, 198 ],
    [ 8, 33, 148, 187, 374, 748 ],
    [ 8, 34, 69, 184, 259, 552 ],
    [ 8, 34, 103, 286, 429, 858 ],
    [ 8, 35, 115, 304, 460, 920 ],
    [ 8, 35, 195, 464, 700, 1400 ],
    [ 8, 36, 59, 101, 194, 396 ],
    [ 8, 37, 176, 225, 268, 712 ],
    [ 8, 37, 250, 336, 379, 1008 ],
    [ 8, 38, 45, 95, 139, 323 ],
    [ 8, 38, 65, 86, 157, 352 ],
    [ 8, 39, 92, 143, 188, 468 ],
    [ 8, 39, 131, 221, 266, 663 ],
    [ 8, 41, 141, 235, 282, 705 ],
    [ 8, 42, 71, 98, 217, 434 ],
    [ 8, 44, 73, 119, 242, 484 ],
    [ 8, 45, 50, 65, 79, 245 ],
    [ 8, 46, 81, 110, 133, 376 ],
    [ 8, 47, 68, 87, 208, 416 ],
    [ 8, 50, 55, 75, 89, 275 ],
    [ 8, 50, 55, 164, 225, 500 ],
    [ 8, 50, 93, 155, 254, 558 ],
    [ 8, 51, 232, 527, 816, 1632 ],
    [ 8, 52, 61, 119, 186, 424 ],
    [ 8, 52, 87, 145, 290, 580 ],
    [ 8, 53, 120, 305, 484, 968 ],
    [ 8, 53, 173, 464, 696, 1392 ],
    [ 8, 55, 64, 131, 192, 448 ],
    [ 8, 57, 64, 133, 196, 456 ],
    [ 8, 61, 280, 633, 980, 1960 ],
    [ 8, 61, 341, 816, 1224, 2448 ],
    [ 8, 64, 73, 149, 228, 520 ],
    [ 8, 64, 89, 229, 388, 776 ],
    [ 8, 64, 103, 243, 416, 832 ],
    [ 8, 64, 105, 245, 420, 840 ],
    [ 8, 66, 71, 99, 121, 363 ],
    [ 8, 82, 91, 276, 373, 828 ],
    [ 9, 9, 13, 36, 52, 117 ],
    [ 9, 9, 16, 48, 64, 144 ],
    [ 9, 9, 55, 78, 94, 243 ],
    [ 9, 9, 64, 96, 112, 288 ],
    [ 9, 10, 10, 18, 45, 90 ],
    [ 9, 10, 12, 12, 31, 72 ],
    [ 9, 10, 12, 15, 16, 60 ],
    [ 9, 10, 13, 20, 50, 100 ],
    [ 9, 10, 13, 51, 72, 153 ],
    [ 9, 10, 14, 39, 56, 126 ],
    [ 9, 10, 15, 18, 40, 90 ],
    [ 9, 10, 16, 27, 30, 90 ],
    [ 9, 10, 16, 47, 71, 151 ],
    [ 9, 10, 18, 20, 35, 90 ],
    [ 9, 10, 18, 60, 85, 180 ],
    [ 9, 10, 21, 67, 96, 201 ],
    [ 9, 10, 21, 67, 105, 210 ],
    [ 9, 10, 24, 36, 67, 144 ],
    [ 9, 10, 24, 48, 79, 168 ],
    [ 9, 10, 25, 75, 108, 225 ],
    [ 9, 10, 29, 53, 70, 169 ],
    [ 9, 10, 31, 42, 45, 135 ],
    [ 9, 10, 34, 51, 102, 204 ],
    [ 9, 10, 42, 67, 84, 210 ],
    [ 9, 10, 48, 60, 115, 240 ],
    [ 9, 10, 48, 120, 175, 360 ],
    [ 9, 10, 51, 85, 102, 255 ],
    [ 9, 10, 58, 75, 150, 300 ],
    [ 9, 10, 59, 84, 101, 261 ],
    [ 9, 10, 63, 150, 220, 450 ],
    [ 9, 10, 72, 96, 175, 360 ],
    [ 9, 10, 74, 99, 116, 306 ],
    [ 9, 10, 75, 175, 258, 525 ],
    [ 9, 10, 93, 220, 330, 660 ],
    [ 9, 11, 13, 14, 34, 79 ],
    [ 9, 12, 12, 25, 28, 84 ],
    [ 9, 12, 16, 27, 46, 108 ],
    [ 9, 12, 16, 45, 64, 144 ],
    [ 9, 12, 16, 61, 96, 192 ],
    [ 9, 12, 17, 55, 74, 165 ],
    [ 9, 12, 19, 76, 114, 228 ],
    [ 9, 12, 24, 37, 40, 120 ],
    [ 9, 12, 28, 57, 76, 180 ],
    [ 9, 12, 28, 85, 132, 264 ],
    [ 9, 12, 32, 61, 80, 192 ],
    [ 9, 12, 34, 72, 91, 216 ],
    [ 9, 12, 38, 76, 95, 228 ],
    [ 9, 12, 48, 61, 64, 192 ],
    [ 9, 12, 51, 64, 70, 204 ],
    [ 9, 12, 57, 76, 76, 228 ],
    [ 9, 13, 15, 21, 43, 99 ],
    [ 9, 13, 15, 25, 30, 90 ],
    [ 9, 13, 15, 55, 75, 165 ],
    [ 9, 13, 18, 27, 52, 117 ],
    [ 9, 13, 27, 81, 115, 243 ],
    [ 9, 13, 40, 120, 180, 360 ],
    [ 9, 13, 54, 135, 196, 405 ],
    [ 9, 13, 60, 100, 180, 360 ],
    [ 9, 13, 71, 91, 182, 364 ],
    [ 9, 13, 80, 120, 140, 360 ],
    [ 9, 14, 19, 20, 30, 90 ],
    [ 9, 14, 40, 99, 146, 306 ],
    [ 9, 14, 66, 151, 224, 462 ],
    [ 9, 15, 16, 19, 42, 99 ],
    [ 9, 15, 19, 35, 38, 114 ],
    [ 9, 15, 21, 37, 40, 120 ],
    [ 9, 15, 25, 70, 108, 225 ],
    [ 9, 15, 31, 40, 42, 135 ],
    [ 9, 15, 31, 60, 82, 195 ],
    [ 9, 15, 55, 130, 198, 405 ],
    [ 9, 15, 57, 79, 79, 237 ],
    [ 9, 15, 58, 145, 210, 435 ],
    [ 9, 15, 66, 88, 88, 264 ],
    [ 9, 15, 73, 175, 270, 540 ],
    [ 9, 16, 17, 32, 56, 128 ],
    [ 9, 16, 19, 21, 22, 85 ],
    [ 9, 16, 20, 24, 29, 96 ],
    [ 9, 16, 24, 61, 84, 192 ],
    [ 9, 16, 24, 69, 100, 216 ],
    [ 9, 16, 26, 63, 86, 198 ],
    [ 9, 16, 30, 33, 43, 129 ],
    [ 9, 16, 30, 90, 127, 270 ],
    [ 9, 16, 36, 93, 136, 288 ],
    [ 9, 16, 40, 117, 180, 360 ],
    [ 9, 16, 45, 120, 172, 360 ],
    [ 9, 16, 46, 138, 207, 414 ],
    [ 9, 16, 52, 141, 216, 432 ],
    [ 9, 16, 53, 76, 136, 288 ],
    [ 9, 16, 53, 136, 212, 424 ],
    [ 9, 16, 60, 75, 142, 300 ],
    [ 9, 16, 60, 77, 80, 240 ],
    [ 9, 16, 61, 168, 252, 504 ],
    [ 9, 16, 69, 115, 138, 345 ],
    [ 9, 16, 72, 165, 244, 504 ],
    [ 9, 16, 76, 99, 198, 396 ],
    [ 9, 16, 81, 192, 280, 576 ],
    [ 9, 16, 104, 141, 164, 432 ],
    [ 9, 16, 106, 136, 159, 424 ],
    [ 9, 16, 120, 277, 420, 840 ],
    [ 9, 16, 122, 168, 191, 504 ],
    [ 9, 16, 129, 304, 456, 912 ],
    [ 9, 17, 23, 68, 106, 221 ],
    [ 9, 17, 25, 64, 104, 217 ],
    [ 9, 17, 25, 72, 104, 225 ],
    [ 9, 18, 19, 51, 76, 171 ],
    [ 9, 18, 22, 63, 88, 198 ],
    [ 9, 18, 22, 72, 97, 216 ],
    [ 9, 18, 25, 75, 100, 225 ],
    [ 9, 18, 82, 114, 139, 360 ],
    [ 9, 18, 100, 150, 175, 450 ],
    [ 9, 19, 19, 45, 81, 171 ],
    [ 9, 19, 20, 23, 30, 99 ],
    [ 9, 19, 22, 65, 104, 217 ],
    [ 9, 19, 38, 50, 95, 209 ],
    [ 9, 19, 57, 69, 133, 285 ],
    [ 9, 19, 69, 95, 95, 285 ],
    [ 9, 19, 76, 102, 195, 399 ],
    [ 9, 19, 99, 231, 337, 693 ],
    [ 9, 19, 129, 301, 447, 903 ],
    [ 9, 19, 156, 364, 546, 1092 ],
    [ 9, 20, 68, 85, 160, 340 ],
    [ 9, 20, 93, 220, 320, 660 ],
    [ 9, 20, 113, 260, 400, 800 ],
    [ 9, 21, 43, 90, 118, 279 ],
    [ 9, 21, 94, 235, 348, 705 ],
    [ 9, 22, 25, 99, 144, 297 ],
    [ 9, 22, 26, 88, 143, 286 ],
    [ 9, 22, 28, 31, 33, 121 ],
    [ 9, 22, 39, 42, 55, 165 ],
    [ 9, 22, 72, 108, 187, 396 ],
    [ 9, 22, 108, 144, 259, 540 ],
    [ 9, 23, 93, 214, 314, 651 ],
    [ 9, 23, 102, 241, 350, 723 ],
    [ 9, 24, 25, 88, 144, 288 ],
    [ 9, 24, 28, 53, 56, 168 ],
    [ 9, 24, 30, 55, 58, 174 ],
    [ 9, 24, 46, 84, 115, 276 ],
    [ 9, 24, 50, 88, 119, 288 ],
    [ 9, 24, 84, 109, 112, 336 ],
    [ 9, 25, 27, 66, 100, 225 ],
    [ 9, 25, 35, 50, 108, 225 ],
    [ 9, 25, 40, 45, 108, 225 ],
    [ 9, 25, 55, 110, 188, 385 ],
    [ 9, 25, 62, 154, 239, 487 ],
    [ 9, 25, 64, 96, 192, 384 ],
    [ 9, 25, 85, 200, 308, 625 ],
    [ 9, 25, 96, 128, 128, 384 ],
    [ 9, 25, 119, 174, 206, 531 ],
    [ 9, 26, 60, 100, 167, 360 ],
    [ 9, 26, 86, 106, 225, 450 ],
    [ 9, 27, 31, 90, 124, 279 ],
    [ 9, 27, 34, 102, 136, 306 ],
    [ 9, 27, 127, 186, 220, 567 ],
    [ 9, 28, 29, 32, 48, 144 ],
    [ 9, 28, 40, 45, 60, 180 ],
    [ 9, 28, 64, 93, 96, 288 ],
    [ 9, 28, 108, 249, 364, 756 ],
    [ 9, 28, 192, 445, 672, 1344 ],
    [ 9, 30, 87, 109, 124, 357 ],
    [ 9, 30, 148, 370, 555, 1110 ],
    [ 9, 31, 35, 73, 137, 283 ],
    [ 9, 31, 63, 108, 178, 387 ],
    [ 9, 32, 34, 80, 119, 272 ],
    [ 9, 32, 40, 117, 164, 360 ],
    [ 9, 32, 76, 189, 272, 576 ],
    [ 9, 32, 129, 304, 440, 912 ],
    [ 9, 33, 37, 77, 77, 231 ],
    [ 9, 33, 40, 40, 120, 240 ],
    [ 9, 33, 40, 60, 100, 240 ],
    [ 9, 33, 40, 80, 80, 240 ],
    [ 9, 33, 48, 64, 88, 240 ],
    [ 9, 34, 36, 84, 127, 288 ],
    [ 9, 34, 40, 119, 191, 391 ],
    [ 9, 34, 57, 187, 276, 561 ],
    [ 9, 34, 79, 114, 117, 351 ],
    [ 9, 36, 37, 123, 166, 369 ],
    [ 9, 36, 40, 117, 160, 360 ],
    [ 9, 39, 43, 169, 249, 507 ],
    [ 9, 39, 79, 250, 375, 750 ],
    [ 9, 39, 184, 276, 322, 828 ],
    [ 9, 40, 85, 255, 378, 765 ],
    [ 9, 40, 153, 360, 520, 1080 ],
    [ 9, 40, 273, 640, 960, 1920 ],
    [ 9, 41, 71, 79, 127, 325 ],
    [ 9, 42, 136, 319, 495, 999 ],
    [ 9, 43, 54, 111, 172, 387 ],
    [ 9, 43, 141, 232, 282, 705 ],
    [ 9, 46, 111, 273, 391, 828 ],
    [ 9, 46, 150, 247, 441, 891 ],
    [ 9, 48, 52, 205, 312, 624 ],
    [ 9, 48, 88, 189, 244, 576 ],
    [ 9, 48, 104, 205, 260, 624 ],
    [ 9, 48, 156, 205, 208, 624 ],
    [ 9, 49, 117, 144, 268, 585 ],
    [ 9, 52, 71, 104, 130, 364 ],
    [ 9, 52, 123, 156, 286, 624 ],
    [ 9, 53, 127, 321, 455, 963 ],
    [ 9, 54, 61, 183, 244, 549 ],
    [ 9, 56, 192, 445, 644, 1344 ],
    [ 9, 57, 183, 247, 247, 741 ],
    [ 9, 58, 207, 279, 493, 1044 ],
    [ 9, 61, 72, 147, 226, 513 ],
    [ 9, 64, 72, 213, 292, 648 ],
    [ 9, 64, 136, 405, 612, 1224 ],
    [ 9, 67, 162, 405, 574, 1215 ],
    [ 9, 67, 243, 324, 574, 1215 ],
    [ 9, 67, 359, 498, 572, 1503 ],
    [ 9, 69, 157, 388, 552, 1173 ],
    [ 9, 70, 435, 1015, 1518, 3045 ],
    [ 9, 75, 82, 328, 492, 984 ],
    [ 9, 75, 139, 303, 385, 909 ],
    [ 9, 75, 161, 325, 407, 975 ],
    [ 9, 75, 164, 328, 410, 984 ],
    [ 9, 75, 246, 328, 328, 984 ],
    [ 9, 75, 310, 775, 1158, 2325 ],
    [ 9, 76, 247, 330, 651, 1311 ],
    [ 9, 76, 323, 406, 803, 1615 ],
    [ 9, 80, 113, 200, 400, 800 ],
    [ 9, 80, 273, 640, 920, 1920 ],
    [ 9, 81, 343, 510, 598, 1539 ],
    [ 9, 85, 144, 189, 340, 765 ],
    [ 9, 85, 359, 451, 902, 1804 ],
    [ 9, 86, 97, 197, 301, 688 ],
    [ 9, 89, 103, 206, 316, 721 ],
    [ 9, 95, 152, 254, 499, 1007 ],
    [ 9, 95, 327, 763, 1097, 2289 ],
    [ 9, 97, 108, 327, 442, 981 ],
    [ 9, 97, 205, 618, 927, 1854 ],
    [ 9, 115, 369, 858, 1234, 2583 ],
    [ 9, 115, 714, 1663, 2499, 4998 ],
    [ 9, 117, 379, 510, 634, 1647 ],
    [ 9, 117, 496, 744, 868, 2232 ],
    [ 9, 122, 197, 326, 455, 1107 ],
    [ 9, 127, 414, 555, 976, 2079 ],
    [ 9, 138, 571, 1423, 2139, 4278 ],
    [ 9, 150, 211, 375, 532, 1275 ],
    [ 9, 150, 239, 403, 560, 1359 ],
    [ 9, 155, 249, 418, 674, 1503 ],
    [ 9, 160, 513, 1200, 1720, 3600 ],
    [ 9, 160, 993, 2320, 3480, 6960 ],
    [ 9, 201, 832, 2080, 3120, 6240 ],
    [ 10, 10, 13, 39, 60, 130 ],
    [ 10, 11, 11, 25, 55, 110 ],
    [ 10, 11, 11, 30, 50, 110 ],
    [ 10, 11, 16, 18, 53, 106 ],
    [ 10, 11, 16, 20, 45, 100 ],
    [ 10, 11, 20, 26, 65, 130 ],
    [ 10, 11, 21, 70, 100, 210 ],
    [ 10, 11, 22, 25, 44, 110 ],
    [ 10, 11, 23, 73, 115, 230 ],
    [ 10, 11, 46, 73, 92, 230 ],
    [ 10, 11, 57, 95, 114, 285 ],
    [ 10, 11, 66, 80, 165, 330 ],
    [ 10, 11, 66, 85, 160, 330 ],
    [ 10, 11, 84, 112, 205, 420 ],
    [ 10, 11, 114, 152, 285, 570 ],
    [ 10, 12, 19, 56, 85, 180 ],
    [ 10, 12, 21, 49, 78, 168 ],
    [ 10, 12, 24, 27, 61, 132 ],
    [ 10, 12, 24, 33, 67, 144 ],
    [ 10, 12, 33, 84, 127, 264 ],
    [ 10, 12, 43, 114, 177, 354 ],
    [ 10, 12, 48, 57, 115, 240 ],
    [ 10, 12, 48, 63, 121, 252 ],
    [ 10, 13, 14, 35, 35, 105 ],
    [ 10, 13, 14, 35, 70, 140 ],
    [ 10, 13, 18, 65, 104, 208 ],
    [ 10, 13, 20, 24, 55, 120 ],
    [ 10, 13, 28, 35, 56, 140 ],
    [ 10, 13, 30, 39, 40, 130 ],
    [ 10, 13, 32, 64, 107, 224 ],
    [ 10, 13, 45, 119, 185, 370 ],
    [ 10, 13, 50, 129, 200, 400 ],
    [ 10, 13, 58, 145, 211, 435 ],
    [ 10, 13, 63, 84, 105, 273 ],
    [ 10, 13, 64, 160, 235, 480 ],
    [ 10, 13, 84, 210, 315, 630 ],
    [ 10, 13, 93, 125, 146, 385 ],
    [ 10, 13, 100, 129, 150, 400 ],
    [ 10, 13, 113, 155, 176, 465 ],
    [ 10, 14, 15, 45, 68, 150 ],
    [ 10, 14, 18, 35, 65, 140 ],
    [ 10, 14, 20, 35, 63, 140 ],
    [ 10, 14, 22, 33, 77, 154 ],
    [ 10, 14, 25, 28, 65, 140 ],
    [ 10, 14, 26, 35, 57, 140 ],
    [ 10, 14, 33, 55, 110, 220 ],
    [ 10, 14, 35, 90, 133, 280 ],
    [ 10, 14, 37, 59, 81, 199 ],
    [ 10, 14, 39, 56, 107, 224 ],
    [ 10, 14, 45, 120, 173, 360 ],
    [ 10, 14, 49, 83, 105, 259 ],
    [ 10, 14, 50, 65, 123, 260 ],
    [ 10, 14, 61, 105, 127, 315 ],
    [ 10, 14, 64, 79, 165, 330 ],
    [ 10, 15, 18, 18, 49, 108 ],
    [ 10, 15, 18, 24, 25, 90 ],
    [ 10, 15, 18, 29, 35, 105 ],
    [ 10, 15, 18, 49, 75, 165 ],
    [ 10, 15, 18, 54, 85, 180 ],
    [ 10, 15, 19, 21, 42, 105 ],
    [ 10, 15, 23, 23, 46, 115 ],
    [ 10, 15, 33, 34, 90, 180 ],
    [ 10, 15, 36, 36, 85, 180 ],
    [ 10, 15, 54, 85, 108, 270 ],
    [ 10, 15, 59, 95, 118, 295 ],
    [ 10, 15, 64, 110, 133, 330 ],
    [ 10, 15, 69, 115, 138, 345 ],
    [ 10, 15, 93, 124, 225, 465 ],
    [ 10, 15, 93, 129, 235, 480 ],
    [ 10, 15, 108, 144, 265, 540 ],
    [ 10, 15, 123, 169, 315, 630 ],
    [ 10, 15, 138, 184, 345, 690 ],
    [ 10, 16, 17, 27, 29, 97 ],
    [ 10, 16, 23, 33, 35, 115 ],
    [ 10, 16, 49, 87, 150, 310 ],
    [ 10, 16, 57, 152, 223, 456 ],
    [ 10, 16, 60, 71, 145, 300 ],
    [ 10, 16, 76, 95, 185, 380 ],
    [ 10, 17, 18, 76, 119, 238 ],
    [ 10, 17, 29, 54, 91, 199 ],
    [ 10, 18, 21, 42, 79, 168 ],
    [ 10, 18, 25, 39, 45, 135 ],
    [ 10, 18, 27, 96, 139, 288 ],
    [ 10, 18, 33, 45, 94, 198 ],
    [ 10, 18, 42, 63, 121, 252 ],
    [ 10, 18, 43, 60, 111, 240 ],
    [ 10, 18, 45, 114, 175, 360 ],
    [ 10, 18, 55, 144, 225, 450 ],
    [ 10, 18, 63, 105, 184, 378 ],
    [ 10, 19, 23, 45, 85, 180 ],
    [ 10, 19, 30, 38, 95, 190 ],
    [ 10, 19, 38, 60, 65, 190 ],
    [ 10, 19, 57, 79, 84, 247 ],
    [ 10, 20, 23, 69, 110, 230 ],
    [ 10, 20, 34, 45, 73, 180 ],
    [ 10, 20, 36, 41, 95, 200 ],
    [ 10, 20, 46, 51, 125, 250 ],
    [ 10, 21, 22, 33, 37, 121 ],
    [ 10, 21, 22, 59, 89, 199 ],
    [ 10, 21, 24, 72, 115, 240 ],
    [ 10, 21, 28, 83, 119, 259 ],
    [ 10, 21, 41, 140, 210, 420 ],
    [ 10, 21, 48, 96, 163, 336 ],
    [ 10, 21, 77, 125, 154, 385 ],
    [ 10, 21, 82, 140, 169, 420 ],
    [ 10, 22, 33, 47, 88, 198 ],
    [ 10, 22, 88, 113, 231, 462 ],
    [ 10, 23, 39, 91, 122, 283 ],
    [ 10, 23, 52, 78, 151, 312 ],
    [ 10, 23, 68, 165, 241, 505 ],
    [ 10, 23, 78, 195, 281, 585 ],
    [ 10, 23, 114, 280, 425, 850 ],
    [ 10, 23, 124, 310, 465, 930 ],
    [ 10, 23, 130, 299, 460, 920 ],
    [ 10, 23, 186, 248, 465, 930 ],
    [ 10, 24, 25, 30, 63, 150 ],
    [ 10, 24, 27, 108, 157, 324 ],
    [ 10, 24, 28, 55, 105, 220 ],
    [ 10, 24, 31, 42, 105, 210 ],
    [ 10, 24, 37, 91, 123, 283 ],
    [ 10, 24, 69, 84, 175, 360 ],
    [ 10, 24, 84, 99, 205, 420 ],
    [ 10, 24, 84, 111, 217, 444 ],
    [ 10, 24, 108, 135, 265, 540 ],
    [ 10, 25, 89, 145, 178, 445 ],
    [ 10, 25, 113, 154, 275, 575 ],
    [ 10, 25, 143, 199, 365, 740 ],
    [ 10, 25, 168, 224, 415, 840 ],
    [ 10, 25, 188, 254, 475, 950 ],
    [ 10, 26, 50, 71, 155, 310 ],
    [ 10, 26, 63, 92, 97, 286 ],
    [ 10, 27, 27, 38, 62, 162 ],
    [ 10, 27, 28, 126, 189, 378 ],
    [ 10, 27, 39, 121, 195, 390 ],
    [ 10, 27, 42, 49, 63, 189 ],
    [ 10, 27, 146, 189, 224, 594 ],
    [ 10, 28, 32, 63, 121, 252 ],
    [ 10, 28, 33, 35, 71, 175 ],
    [ 10, 28, 35, 49, 55, 175 ],
    [ 10, 28, 58, 65, 159, 318 ],
    [ 10, 30, 33, 99, 160, 330 ],
    [ 10, 30, 33, 109, 180, 360 ],
    [ 10, 31, 39, 117, 156, 351 ],
    [ 10, 31, 78, 117, 117, 351 ],
    [ 10, 31, 112, 190, 229, 570 ],
    [ 10, 33, 36, 121, 198, 396 ],
    [ 10, 33, 80, 99, 110, 330 ],
    [ 10, 33, 216, 288, 535, 1080 ],
    [ 10, 35, 43, 129, 215, 430 ],
    [ 10, 35, 54, 70, 113, 280 ],
    [ 10, 35, 86, 86, 215, 430 ],
    [ 10, 35, 86, 129, 172, 430 ],
    [ 10, 35, 119, 195, 238, 595 ],
    [ 10, 35, 124, 210, 253, 630 ],
    [ 10, 36, 60, 81, 175, 360 ],
    [ 10, 36, 78, 117, 229, 468 ],
    [ 10, 36, 117, 312, 463, 936 ],
    [ 10, 36, 127, 342, 513, 1026 ],
    [ 10, 38, 55, 64, 165, 330 ],
    [ 10, 38, 68, 95, 209, 418 ],
    [ 10, 39, 168, 420, 625, 1260 ],
    [ 10, 41, 42, 140, 189, 420 ],
    [ 10, 41, 93, 137, 142, 421 ],
    [ 10, 42, 43, 143, 236, 472 ],
    [ 10, 43, 70, 129, 180, 430 ],
    [ 10, 43, 102, 153, 306, 612 ],
    [ 10, 44, 45, 150, 203, 450 ],
    [ 10, 44, 67, 238, 357, 714 ],
    [ 10, 44, 110, 135, 253, 550 ],
    [ 10, 44, 154, 201, 407, 814 ],
    [ 10, 44, 198, 245, 495, 990 ],
    [ 10, 45, 243, 339, 625, 1260 ],
    [ 10, 45, 288, 384, 715, 1440 ],
    [ 10, 46, 75, 101, 220, 450 ],
    [ 10, 48, 105, 264, 415, 840 ],
    [ 10, 48, 129, 360, 535, 1080 ],
    [ 10, 48, 156, 183, 385, 780 ],
    [ 10, 48, 156, 207, 409, 828 ],
    [ 10, 48, 204, 255, 505, 1020 ],
    [ 10, 49, 91, 112, 125, 385 ],
    [ 10, 49, 91, 195, 252, 595 ],
    [ 10, 49, 117, 169, 174, 517 ],
    [ 10, 49, 175, 405, 588, 1225 ],
    [ 10, 49, 218, 275, 550, 1100 ],
    [ 10, 49, 273, 650, 980, 1960 ],
    [ 10, 51, 67, 134, 209, 469 ],
    [ 10, 51, 81, 135, 265, 540 ],
    [ 10, 51, 118, 236, 413, 826 ],
    [ 10, 53, 60, 179, 290, 590 ],
    [ 10, 55, 134, 205, 268, 670 ],
    [ 10, 55, 189, 315, 378, 945 ],
    [ 10, 56, 77, 195, 259, 595 ],
    [ 10, 56, 95, 126, 275, 560 ],
    [ 10, 57, 72, 96, 223, 456 ],
    [ 10, 60, 96, 111, 265, 540 ],
    [ 10, 63, 135, 339, 535, 1080 ],
    [ 10, 63, 270, 609, 940, 1890 ],
    [ 10, 65, 141, 214, 287, 715 ],
    [ 10, 67, 158, 241, 407, 881 ],
    [ 10, 69, 245, 575, 828, 1725 ],
    [ 10, 69, 298, 740, 1115, 2230 ],
    [ 10, 72, 153, 384, 607, 1224 ],
    [ 10, 73, 476, 638, 1195, 2390 ],
    [ 10, 76, 125, 171, 380, 760 ],
    [ 10, 76, 125, 209, 342, 760 ],
    [ 10, 76, 171, 250, 255, 760 ],
    [ 10, 77, 98, 356, 539, 1078 ],
    [ 10, 78, 209, 580, 875, 1750 ],
    [ 10, 81, 126, 420, 625, 1260 ],
    [ 10, 81, 362, 459, 548, 1458 ],
    [ 10, 86, 102, 153, 263, 612 ],
    [ 10, 86, 145, 196, 435, 870 ],
    [ 10, 86, 145, 239, 392, 870 ],
    [ 10, 88, 198, 245, 451, 990 ],
    [ 10, 88, 286, 377, 759, 1518 ],
    [ 10, 88, 374, 465, 935, 1870 ],
    [ 10, 91, 412, 519, 618, 1648 ],
    [ 10, 94, 105, 310, 423, 940 ],
    [ 10, 98, 218, 275, 501, 1100 ],
    [ 10, 98, 316, 373, 795, 1590 ],
    [ 10, 101, 161, 265, 535, 1070 ],
    [ 10, 104, 115, 170, 293, 690 ],
    [ 10, 105, 334, 560, 673, 1680 ],
    [ 10, 108, 235, 594, 945, 1890 ],
    [ 10, 114, 125, 190, 323, 760 ],
    [ 10, 115, 393, 524, 925, 1965 ],
    [ 10, 115, 623, 869, 1615, 3230 ],
    [ 10, 115, 738, 984, 1845, 3690 ],
    [ 10, 117, 148, 546, 819, 1638 ],
    [ 10, 119, 395, 925, 1328, 2775 ],
    [ 10, 124, 205, 345, 558, 1240 ],
    [ 10, 127, 162, 216, 513, 1026 ],
    [ 10, 134, 225, 375, 608, 1350 ],
    [ 10, 140, 194, 245, 393, 980 ],
    [ 10, 140, 226, 261, 635, 1270 ],
    [ 10, 143, 305, 769, 1225, 2450 ],
    [ 10, 153, 239, 561, 722, 1683 ],
    [ 10, 162, 343, 864, 1377, 2754 ],
    [ 10, 163, 700, 1579, 2450, 4900 ],
    [ 10, 191, 296, 990, 1485, 2970 ],
    [ 11, 11, 14, 21, 22, 77 ],
    [ 11, 11, 15, 55, 75, 165 ],
    [ 11, 11, 58, 87, 154, 319 ],
    [ 11, 11, 80, 120, 220, 440 ],
    [ 11, 12, 13, 17, 38, 89 ],
    [ 11, 12, 17, 64, 102, 204 ],
    [ 11, 12, 20, 25, 54, 120 ],
    [ 11, 12, 23, 88, 132, 264 ],
    [ 11, 12, 46, 77, 98, 242 ],
    [ 11, 13, 14, 48, 73, 157 ],
    [ 11, 14, 16, 24, 49, 112 ],
    [ 11, 14, 21, 77, 110, 231 ],
    [ 11, 14, 31, 77, 100, 231 ],
    [ 11, 14, 33, 98, 154, 308 ],
    [ 11, 14, 46, 92, 161, 322 ],
    [ 11, 14, 77, 175, 264, 539 ],
    [ 11, 14, 110, 252, 385, 770 ],
    [ 11, 15, 15, 16, 20, 75 ],
    [ 11, 15, 24, 32, 40, 120 ],
    [ 11, 15, 24, 85, 122, 255 ],
    [ 11, 15, 88, 121, 218, 451 ],
    [ 11, 15, 96, 133, 242, 495 ],
    [ 11, 15, 111, 148, 272, 555 ],
    [ 11, 15, 133, 181, 338, 676 ],
    [ 11, 16, 16, 55, 80, 176 ],
    [ 11, 16, 19, 20, 32, 96 ],
    [ 11, 16, 56, 95, 120, 296 ],
    [ 11, 16, 67, 84, 92, 268 ],
    [ 11, 16, 67, 84, 176, 352 ],
    [ 11, 16, 84, 101, 210, 420 ],
    [ 11, 16, 84, 109, 134, 352 ],
    [ 11, 16, 84, 109, 218, 436 ],
    [ 11, 16, 100, 125, 150, 400 ],
    [ 11, 16, 100, 125, 250, 500 ],
    [ 11, 16, 128, 295, 448, 896 ],
    [ 11, 16, 139, 328, 492, 984 ],
    [ 11, 17, 29, 64, 90, 209 ],
    [ 11, 17, 67, 108, 190, 391 ],
    [ 11, 17, 70, 105, 184, 385 ],
    [ 11, 17, 104, 156, 286, 572 ],
    [ 11, 17, 117, 275, 418, 836 ],
    [ 11, 18, 26, 77, 112, 242 ],
    [ 11, 18, 93, 211, 320, 651 ],
    [ 11, 19, 84, 112, 224, 448 ],
    [ 11, 19, 112, 140, 168, 448 ],
    [ 11, 20, 48, 67, 124, 268 ],
    [ 11, 20, 48, 77, 154, 308 ],
    [ 11, 20, 66, 85, 95, 275 ],
    [ 11, 21, 21, 70, 110, 231 ],
    [ 11, 21, 23, 62, 94, 209 ],
    [ 11, 21, 26, 65, 100, 221 ],
    [ 11, 21, 28, 35, 82, 175 ],
    [ 11, 21, 44, 74, 127, 275 ],
    [ 11, 21, 63, 175, 257, 525 ],
    [ 11, 21, 77, 91, 187, 385 ],
    [ 11, 21, 147, 196, 362, 735 ],
    [ 11, 22, 25, 87, 143, 286 ],
    [ 11, 22, 80, 120, 209, 440 ],
    [ 11, 22, 102, 153, 275, 561 ],
    [ 11, 22, 124, 186, 341, 682 ],
    [ 11, 23, 24, 88, 120, 264 ],
    [ 11, 23, 34, 121, 187, 374 ],
    [ 11, 23, 53, 53, 127, 265 ],
    [ 11, 24, 28, 49, 86, 196 ],
    [ 11, 24, 32, 95, 136, 296 ],
    [ 11, 24, 39, 109, 170, 351 ],
    [ 11, 25, 50, 66, 125, 275 ],
    [ 11, 25, 50, 84, 157, 325 ],
    [ 11, 26, 30, 50, 65, 180 ],
    [ 11, 26, 43, 78, 156, 312 ],
    [ 11, 26, 66, 88, 163, 352 ],
    [ 11, 26, 66, 110, 185, 396 ],
    [ 11, 26, 77, 187, 273, 572 ],
    [ 11, 26, 88, 220, 317, 660 ],
    [ 11, 26, 94, 247, 365, 741 ],
    [ 11, 26, 121, 286, 416, 858 ],
    [ 11, 27, 95, 112, 232, 475 ],
    [ 11, 28, 40, 77, 154, 308 ],
    [ 11, 28, 63, 189, 278, 567 ],
    [ 11, 28, 172, 407, 616, 1232 ],
    [ 11, 28, 194, 462, 693, 1386 ],
    [ 11, 29, 130, 325, 482, 975 ],
    [ 11, 29, 195, 260, 482, 975 ],
    [ 11, 30, 68, 146, 253, 506 ],
    [ 11, 30, 76, 95, 105, 315 ],
    [ 11, 32, 32, 103, 144, 320 ],
    [ 11, 32, 47, 176, 264, 528 ],
    [ 11, 32, 48, 64, 71, 224 ],
    [ 11, 32, 80, 199, 288, 608 ],
    [ 11, 32, 96, 263, 400, 800 ],
    [ 11, 35, 61, 175, 280, 560 ],
    [ 11, 37, 77, 99, 185, 407 ],
    [ 11, 37, 110, 275, 394, 825 ],
    [ 11, 37, 165, 220, 394, 825 ],
    [ 11, 37, 173, 219, 265, 703 ],
    [ 11, 37, 239, 331, 616, 1232 ],
    [ 11, 37, 276, 368, 690, 1380 ],
    [ 11, 38, 50, 156, 253, 506 ],
    [ 11, 40, 42, 140, 189, 420 ],
    [ 11, 40, 48, 143, 200, 440 ],
    [ 11, 40, 232, 319, 368, 968 ],
    [ 11, 43, 77, 129, 215, 473 ],
    [ 11, 44, 190, 285, 517, 1045 ],
    [ 11, 45, 82, 179, 304, 619 ],
    [ 11, 47, 48, 160, 264, 528 ],
    [ 11, 48, 176, 407, 592, 1232 ],
    [ 11, 49, 50, 167, 275, 550 ],
    [ 11, 49, 315, 735, 1097, 2205 ],
    [ 11, 56, 104, 128, 143, 440 ],
    [ 11, 56, 128, 319, 456, 968 ],
    [ 11, 57, 65, 194, 268, 593 ],
    [ 11, 58, 369, 492, 917, 1845 ],
    [ 11, 61, 69, 206, 334, 679 ],
    [ 11, 63, 168, 301, 530, 1071 ],
    [ 11, 63, 336, 805, 1202, 2415 ],
    [ 11, 69, 77, 230, 374, 759 ],
    [ 11, 73, 85, 167, 334, 668 ],
    [ 11, 75, 125, 166, 300, 675 ],
    [ 11, 75, 125, 209, 407, 825 ],
    [ 11, 76, 106, 265, 445, 901 ],
    [ 11, 77, 322, 483, 880, 1771 ],
    [ 11, 80, 88, 120, 143, 440 ],
    [ 11, 89, 194, 484, 687, 1463 ],
    [ 11, 91, 238, 287, 614, 1239 ],
    [ 11, 95, 248, 693, 1034, 2079 ],
    [ 11, 96, 512, 1223, 1840, 3680 ],
    [ 11, 97, 106, 424, 636, 1272 ],
    [ 11, 97, 125, 462, 693, 1386 ],
    [ 11, 102, 110, 153, 187, 561 ],
    [ 11, 104, 667, 1560, 2340, 4680 ],
    [ 11, 105, 651, 868, 1622, 3255 ],
    [ 11, 107, 453, 674, 790, 2033 ],
    [ 11, 111, 469, 589, 709, 1887 ],
    [ 11, 113, 382, 513, 904, 1921 ],
    [ 11, 113, 495, 626, 748, 1991 ],
    [ 11, 113, 721, 965, 1808, 3616 ],
    [ 11, 115, 127, 387, 638, 1276 ],
    [ 11, 124, 275, 417, 550, 1375 ],
    [ 11, 125, 275, 341, 625, 1375 ],
    [ 11, 126, 217, 693, 1034, 2079 ],
    [ 11, 126, 777, 1813, 2714, 5439 ],
    [ 11, 128, 336, 935, 1408, 2816 ],
    [ 11, 128, 672, 935, 1072, 2816 ],
    [ 11, 133, 568, 710, 852, 2272 ],
    [ 11, 136, 297, 374, 680, 1496 ],
    [ 11, 151, 169, 507, 685, 1521 ],
    [ 11, 151, 640, 960, 1120, 2880 ],
    [ 11, 168, 231, 637, 1034, 2079 ],
    [ 11, 187, 410, 615, 1034, 2255 ],
    [ 11, 187, 784, 1176, 2156, 4312 ],
    [ 11, 192, 1184, 2759, 4144, 8288 ],
    [ 11, 203, 349, 1111, 1672, 3344 ],
    [ 11, 205, 1079, 1507, 1721, 4521 ],
    [ 11, 224, 352, 935, 1296, 2816 ],
    [ 11, 224, 704, 1639, 2352, 4928 ],
    [ 11, 226, 721, 965, 1695, 3616 ],
    [ 11, 226, 1399, 1869, 3503, 7006 ],
    [ 11, 259, 831, 1108, 1948, 4155 ],
    [ 11, 259, 1608, 2144, 4020, 8040 ],
    [ 11, 269, 1657, 3870, 5805, 11610 ],
    [ 11, 312, 979, 2288, 3276, 6864 ],
    [ 11, 323, 506, 1353, 1868, 4059 ],
    [ 11, 367, 1155, 2695, 3859, 8085 ],
    [ 11, 377, 517, 1429, 2332, 4664 ],
    [ 12, 12, 21, 25, 28, 96 ],
    [ 12, 12, 22, 33, 55, 132 ],
    [ 12, 12, 27, 31, 40, 120 ],
    [ 12, 13, 14, 47, 71, 155 ],
    [ 12, 13, 16, 39, 78, 156 ],
    [ 12, 13, 16, 65, 104, 208 ],
    [ 12, 13, 18, 82, 123, 246 ],
    [ 12, 13, 19, 42, 72, 156 ],
    [ 12, 13, 19, 72, 114, 228 ],
    [ 12, 13, 38, 72, 95, 228 ],
    [ 12, 13, 42, 130, 195, 390 ],
    [ 12, 13, 50, 83, 106, 262 ],
    [ 12, 13, 57, 72, 76, 228 ],
    [ 12, 14, 28, 39, 77, 168 ],
    [ 12, 15, 16, 55, 84, 180 ],
    [ 12, 15, 18, 34, 43, 120 ],
    [ 12, 15, 19, 76, 108, 228 ],
    [ 12, 15, 22, 41, 47, 135 ],
    [ 12, 15, 42, 46, 67, 180 ],
    [ 12, 16, 20, 23, 23, 92 ],
    [ 12, 16, 21, 24, 25, 96 ],
    [ 12, 16, 25, 29, 32, 112 ],
    [ 12, 16, 26, 39, 65, 156 ],
    [ 12, 16, 33, 37, 48, 144 ],
    [ 12, 16, 39, 39, 52, 156 ],
    [ 12, 17, 25, 44, 48, 144 ],
    [ 12, 17, 32, 43, 102, 204 ],
    [ 12, 17, 32, 59, 86, 204 ],
    [ 12, 17, 32, 59, 118, 236 ],
    [ 12, 17, 128, 293, 448, 896 ],
    [ 12, 17, 145, 344, 516, 1032 ],
    [ 12, 18, 19, 76, 105, 228 ],
    [ 12, 18, 25, 106, 159, 318 ],
    [ 12, 18, 75, 94, 103, 300 ],
    [ 12, 19, 26, 65, 101, 221 ],
    [ 12, 19, 26, 72, 101, 228 ],
    [ 12, 19, 75, 196, 288, 588 ],
    [ 12, 19, 87, 232, 348, 696 ],
    [ 12, 19, 174, 232, 261, 696 ],
    [ 12, 21, 25, 28, 28, 112 ],
    [ 12, 21, 28, 39, 70, 168 ],
    [ 12, 21, 29, 52, 56, 168 ],
    [ 12, 21, 29, 91, 122, 273 ],
    [ 12, 21, 43, 136, 198, 408 ],
    [ 12, 21, 55, 172, 258, 516 ],
    [ 12, 21, 81, 112, 112, 336 ],
    [ 12, 23, 28, 31, 32, 124 ],
    [ 12, 23, 32, 95, 148, 308 ],
    [ 12, 23, 40, 73, 134, 280 ],
    [ 12, 23, 76, 119, 152, 380 ],
    [ 12, 23, 85, 112, 218, 448 ],
    [ 12, 24, 33, 37, 40, 144 ],
    [ 12, 24, 34, 51, 85, 204 ],
    [ 12, 24, 45, 49, 64, 192 ],
    [ 12, 25, 30, 31, 84, 180 ],
    [ 12, 25, 33, 136, 204, 408 ],
    [ 12, 25, 42, 154, 231, 462 ],
    [ 12, 25, 93, 244, 372, 744 ],
    [ 12, 25, 148, 341, 524, 1048 ],
    [ 12, 25, 186, 244, 279, 744 ],
    [ 12, 25, 198, 466, 699, 1398 ],
    [ 12, 27, 28, 103, 168, 336 ],
    [ 12, 27, 34, 54, 91, 216 ],
    [ 12, 27, 37, 148, 222, 444 ],
    [ 12, 27, 52, 99, 136, 324 ],
    [ 12, 27, 56, 103, 140, 336 ],
    [ 12, 27, 70, 144, 181, 432 ],
    [ 12, 27, 74, 148, 185, 444 ],
    [ 12, 27, 84, 103, 112, 336 ],
    [ 12, 27, 111, 148, 148, 444 ],
    [ 12, 28, 32, 35, 35, 140 ],
    [ 12, 28, 35, 39, 56, 168 ],
    [ 12, 28, 35, 67, 140, 280 ],
    [ 12, 28, 35, 73, 134, 280 ],
    [ 12, 28, 51, 51, 64, 204 ],
    [ 12, 28, 67, 70, 105, 280 ],
    [ 12, 29, 164, 377, 580, 1160 ],
    [ 12, 31, 78, 160, 201, 480 ],
    [ 12, 31, 117, 152, 158, 468 ],
    [ 12, 32, 34, 43, 85, 204 ],
    [ 12, 32, 34, 59, 101, 236 ],
    [ 12, 32, 37, 40, 41, 160 ],
    [ 12, 32, 43, 51, 68, 204 ],
    [ 12, 32, 57, 61, 80, 240 ],
    [ 12, 33, 117, 160, 160, 480 ],
    [ 12, 34, 36, 45, 91, 216 ],
    [ 12, 34, 75, 204, 289, 612 ],
    [ 12, 35, 51, 157, 218, 471 ],
    [ 12, 35, 56, 67, 112, 280 ],
    [ 12, 35, 133, 172, 350, 700 ],
    [ 12, 37, 54, 148, 195, 444 ],
    [ 12, 38, 87, 232, 329, 696 ],
    [ 12, 41, 68, 85, 136, 340 ],
    [ 12, 42, 123, 154, 175, 504 ],
    [ 12, 43, 251, 596, 900, 1800 ],
    [ 12, 43, 294, 682, 1029, 2058 ],
    [ 12, 44, 59, 113, 182, 408 ],
    [ 12, 46, 61, 188, 259, 564 ],
    [ 12, 48, 57, 61, 64, 240 ],
    [ 12, 48, 58, 87, 145, 348 ],
    [ 12, 48, 63, 79, 100, 300 ],
    [ 12, 48, 81, 85, 112, 336 ],
    [ 12, 49, 56, 81, 140, 336 ],
    [ 12, 50, 93, 244, 347, 744 ],
    [ 12, 53, 80, 97, 228, 468 ],
    [ 12, 54, 55, 238, 357, 714 ],
    [ 12, 54, 165, 202, 229, 660 ],
    [ 12, 61, 68, 105, 176, 420 ],
    [ 12, 63, 78, 109, 130, 390 ],
    [ 12, 69, 76, 111, 190, 456 ],
    [ 12, 70, 84, 123, 217, 504 ],
    [ 12, 70, 168, 207, 385, 840 ],
    [ 12, 78, 85, 334, 507, 1014 ],
    [ 12, 81, 88, 135, 226, 540 ],
    [ 12, 82, 96, 99, 205, 492 ],
    [ 12, 82, 96, 147, 253, 588 ],
    [ 12, 88, 125, 179, 402, 804 ],
    [ 12, 94, 228, 285, 523, 1140 ],
    [ 13, 13, 16, 64, 104, 208 ],
    [ 13, 13, 72, 96, 120, 312 ],
    [ 13, 14, 15, 30, 35, 105 ],
    [ 13, 14, 15, 65, 90, 195 ],
    [ 13, 14, 16, 22, 63, 126 ],
    [ 13, 14, 24, 42, 77, 168 ],
    [ 13, 14, 34, 84, 109, 252 ],
    [ 13, 14, 62, 87, 161, 335 ],
    [ 13, 15, 21, 58, 90, 195 ],
    [ 13, 15, 61, 146, 218, 451 ],
    [ 13, 15, 74, 185, 270, 555 ],
    [ 13, 16, 17, 75, 106, 225 ],
    [ 13, 16, 18, 72, 99, 216 ],
    [ 13, 16, 23, 28, 50, 128 ],
    [ 13, 16, 24, 65, 92, 208 ],
    [ 13, 16, 26, 64, 91, 208 ],
    [ 13, 16, 52, 64, 65, 208 ],
    [ 13, 16, 57, 76, 144, 304 ],
    [ 13, 16, 65, 168, 260, 520 ],
    [ 13, 16, 81, 108, 216, 432 ],
    [ 13, 16, 108, 135, 162, 432 ],
    [ 13, 16, 117, 272, 416, 832 ],
    [ 13, 16, 130, 168, 195, 520 ],
    [ 13, 16, 136, 313, 476, 952 ],
    [ 13, 16, 149, 352, 528, 1056 ],
    [ 13, 17, 26, 65, 102, 221 ],
    [ 13, 17, 39, 104, 154, 325 ],
    [ 13, 17, 42, 70, 98, 238 ],
    [ 13, 17, 52, 65, 128, 273 ],
    [ 13, 18, 24, 64, 99, 216 ],
    [ 13, 18, 28, 83, 122, 262 ],
    [ 13, 18, 49, 78, 156, 312 ],
    [ 13, 18, 60, 100, 171, 360 ],
    [ 13, 18, 78, 98, 107, 312 ],
    [ 13, 18, 87, 145, 261, 522 ],
    [ 13, 18, 99, 225, 340, 693 ],
    [ 13, 18, 120, 280, 411, 840 ],
    [ 13, 18, 138, 316, 483, 966 ],
    [ 13, 19, 20, 80, 130, 260 ],
    [ 13, 19, 25, 36, 78, 169 ],
    [ 13, 19, 40, 50, 120, 240 ],
    [ 13, 19, 55, 96, 162, 343 ],
    [ 13, 20, 20, 89, 140, 280 ],
    [ 13, 20, 40, 89, 120, 280 ],
    [ 13, 20, 52, 73, 156, 312 ],
    [ 13, 20, 52, 83, 146, 312 ],
    [ 13, 20, 104, 125, 260, 520 ],
    [ 13, 20, 104, 135, 250, 520 ],
    [ 13, 21, 22, 37, 78, 169 ],
    [ 13, 21, 24, 112, 168, 336 ],
    [ 13, 21, 27, 84, 130, 273 ],
    [ 13, 21, 57, 121, 210, 420 ],
    [ 13, 24, 25, 96, 132, 288 ],
    [ 13, 24, 30, 130, 195, 390 ],
    [ 13, 24, 38, 95, 155, 323 ],
    [ 13, 24, 42, 112, 147, 336 ],
    [ 13, 24, 81, 208, 300, 624 ],
    [ 13, 24, 103, 138, 252, 528 ],
    [ 13, 24, 127, 162, 324, 648 ],
    [ 13, 24, 160, 377, 572, 1144 ],
    [ 13, 25, 27, 99, 162, 324 ],
    [ 13, 25, 35, 104, 150, 325 ],
    [ 13, 26, 111, 148, 185, 481 ],
    [ 13, 27, 27, 117, 169, 351 ],
    [ 13, 27, 126, 315, 466, 945 ],
    [ 13, 29, 39, 116, 182, 377 ],
    [ 13, 29, 43, 62, 132, 277 ],
    [ 13, 30, 36, 118, 195, 390 ],
    [ 13, 30, 39, 130, 180, 390 ],
    [ 13, 30, 45, 53, 86, 225 ],
    [ 13, 30, 104, 130, 245, 520 ],
    [ 13, 30, 104, 260, 375, 780 ],
    [ 13, 30, 110, 179, 220, 550 ],
    [ 13, 30, 130, 299, 440, 910 ],
    [ 13, 30, 156, 208, 375, 780 ],
    [ 13, 30, 164, 410, 615, 1230 ],
    [ 13, 30, 190, 449, 680, 1360 ],
    [ 13, 31, 62, 104, 195, 403 ],
    [ 13, 32, 100, 273, 416, 832 ],
    [ 13, 32, 200, 273, 316, 832 ],
    [ 13, 33, 225, 300, 556, 1125 ],
    [ 13, 34, 73, 129, 174, 421 ],
    [ 13, 37, 94, 234, 339, 715 ],
    [ 13, 37, 129, 304, 468, 949 ],
    [ 13, 37, 131, 179, 345, 703 ],
    [ 13, 37, 144, 240, 432, 864 ],
    [ 13, 37, 166, 415, 616, 1245 ],
    [ 13, 40, 40, 169, 260, 520 ],
    [ 13, 40, 48, 185, 284, 568 ],
    [ 13, 40, 80, 169, 220, 520 ],
    [ 13, 42, 195, 441, 676, 1365 ],
    [ 13, 42, 234, 532, 819, 1638 ],
    [ 13, 42, 279, 651, 970, 1953 ],
    [ 13, 42, 318, 742, 1113, 2226 ],
    [ 13, 43, 91, 156, 258, 559 ],
    [ 13, 45, 153, 180, 376, 765 ],
    [ 13, 45, 198, 495, 736, 1485 ],
    [ 13, 48, 81, 219, 346, 705 ],
    [ 13, 48, 84, 91, 234, 468 ],
    [ 13, 49, 118, 294, 459, 931 ],
    [ 13, 49, 167, 441, 655, 1323 ],
    [ 13, 54, 55, 72, 96, 288 ],
    [ 13, 56, 104, 273, 388, 832 ],
    [ 13, 56, 143, 182, 336, 728 ],
    [ 13, 56, 208, 481, 700, 1456 ],
    [ 13, 56, 320, 761, 1148, 2296 ],
    [ 13, 59, 60, 260, 390, 780 ],
    [ 13, 60, 170, 299, 370, 910 ],
    [ 13, 63, 69, 210, 340, 693 ],
    [ 13, 63, 73, 105, 126, 378 ],
    [ 13, 63, 220, 294, 525, 1113 ],
    [ 13, 63, 283, 357, 714, 1428 ],
    [ 13, 63, 342, 819, 1222, 2457 ],
    [ 13, 64, 120, 377, 572, 1144 ],
    [ 13, 65, 228, 304, 380, 988 ],
    [ 13, 70, 250, 579, 840, 1750 ],
    [ 13, 74, 314, 785, 1171, 2355 ],
    [ 13, 75, 353, 450, 536, 1425 ],
    [ 13, 75, 503, 675, 761, 2025 ],
    [ 13, 81, 108, 387, 574, 1161 ],
    [ 13, 81, 117, 324, 520, 1053 ],
    [ 13, 81, 351, 792, 1222, 2457 ],
    [ 13, 81, 513, 1197, 1789, 3591 ],
    [ 13, 84, 199, 252, 462, 1008 ],
    [ 13, 84, 283, 336, 714, 1428 ],
    [ 13, 88, 96, 377, 572, 1144 ],
    [ 13, 90, 100, 299, 410, 910 ],
    [ 13, 96, 341, 800, 1152, 2400 ],
    [ 13, 96, 437, 992, 1536, 3072 ],
    [ 13, 107, 341, 564, 1010, 2033 ],
    [ 13, 110, 140, 509, 770, 1540 ],
    [ 13, 111, 353, 475, 937, 1887 ],
    [ 13, 113, 257, 636, 904, 1921 ],
    [ 13, 113, 370, 494, 975, 1963 ],
    [ 13, 113, 483, 1201, 1808, 3616 ],
    [ 13, 120, 160, 569, 860, 1720 ],
    [ 13, 120, 760, 1769, 2660, 5320 ],
    [ 13, 127, 274, 684, 1083, 2179 ],
    [ 13, 127, 401, 1065, 1591, 3195 ],
    [ 13, 130, 423, 564, 705, 1833 ],
    [ 13, 135, 558, 1395, 2086, 4185 ],
    [ 13, 137, 232, 305, 548, 1233 ],
    [ 13, 137, 442, 590, 1043, 2223 ],
    [ 13, 140, 440, 1169, 1760, 3520 ],
    [ 13, 160, 260, 689, 960, 2080 ],
    [ 13, 162, 205, 756, 1134, 2268 ],
    [ 13, 163, 522, 696, 1392, 2784 ],
    [ 13, 172, 247, 688, 1118, 2236 ],
    [ 13, 185, 588, 980, 1764, 3528 ],
    [ 13, 189, 324, 711, 1222, 2457 ],
    [ 13, 219, 261, 292, 385, 1168 ],
    [ 13, 225, 364, 975, 1350, 2925 ],
    [ 13, 226, 483, 1201, 1695, 3616 ],
    [ 13, 226, 935, 2331, 3503, 7006 ],
    [ 13, 229, 502, 753, 1266, 2761 ],
    [ 13, 232, 274, 305, 411, 1233 ],
    [ 13, 317, 678, 1695, 2384, 5085 ],
    [ 13, 317, 1312, 3280, 4920, 9840 ],
    [ 13, 423, 727, 1595, 2756, 5512 ],
    [ 14, 14, 18, 35, 61, 140 ],
    [ 14, 14, 26, 39, 91, 182 ],
    [ 14, 15, 15, 70, 98, 210 ],
    [ 14, 15, 20, 40, 73, 160 ],
    [ 14, 15, 40, 80, 133, 280 ],
    [ 14, 15, 60, 160, 233, 480 ],
    [ 14, 15, 89, 203, 304, 623 ],
    [ 14, 15, 90, 205, 308, 630 ],
    [ 14, 15, 103, 245, 360, 735 ],
    [ 14, 15, 118, 275, 420, 840 ],
    [ 14, 15, 120, 280, 413, 840 ],
    [ 14, 15, 134, 308, 469, 938 ],
    [ 14, 15, 148, 350, 525, 1050 ],
    [ 14, 16, 17, 74, 119, 238 ],
    [ 14, 17, 20, 21, 70, 140 ],
    [ 14, 17, 21, 34, 35, 119 ],
    [ 14, 17, 23, 67, 105, 224 ],
    [ 14, 17, 28, 83, 126, 266 ],
    [ 14, 17, 34, 56, 119, 238 ],
    [ 14, 17, 34, 63, 112, 238 ],
    [ 14, 18, 19, 84, 119, 252 ],
    [ 14, 19, 21, 32, 63, 147 ],
    [ 14, 19, 22, 42, 73, 168 ],
    [ 14, 19, 32, 112, 161, 336 ],
    [ 14, 20, 20, 35, 73, 160 ],
    [ 14, 20, 22, 33, 67, 154 ],
    [ 14, 20, 25, 100, 143, 300 ],
    [ 14, 20, 27, 49, 59, 167 ],
    [ 14, 20, 43, 65, 75, 215 ],
    [ 14, 20, 43, 65, 140, 280 ],
    [ 14, 20, 50, 75, 143, 300 ],
    [ 14, 20, 57, 82, 171, 342 ],
    [ 14, 20, 80, 105, 203, 420 ],
    [ 14, 21, 45, 97, 161, 336 ],
    [ 14, 21, 46, 112, 145, 336 ],
    [ 14, 21, 52, 104, 175, 364 ],
    [ 14, 21, 59, 125, 217, 434 ],
    [ 14, 22, 27, 27, 74, 162 ],
    [ 14, 22, 33, 98, 143, 308 ],
    [ 14, 24, 35, 104, 161, 336 ],
    [ 14, 24, 63, 160, 245, 504 ],
    [ 14, 24, 87, 232, 341, 696 ],
    [ 14, 25, 30, 90, 143, 300 ],
    [ 14, 25, 60, 120, 203, 420 ],
    [ 14, 25, 95, 225, 343, 700 ],
    [ 14, 26, 28, 39, 77, 182 ],
    [ 14, 26, 63, 88, 189, 378 ],
    [ 14, 26, 63, 101, 176, 378 ],
    [ 14, 26, 93, 155, 272, 558 ],
    [ 14, 27, 32, 64, 121, 256 ],
    [ 14, 27, 76, 189, 290, 594 ],
    [ 14, 31, 91, 237, 371, 742 ],
    [ 14, 31, 122, 330, 495, 990 ],
    [ 14, 32, 33, 154, 231, 462 ],
    [ 14, 32, 49, 70, 131, 294 ],
    [ 14, 33, 39, 154, 224, 462 ],
    [ 14, 33, 44, 55, 65, 209 ],
    [ 14, 33, 64, 154, 199, 462 ],
    [ 14, 33, 143, 329, 484, 1001 ],
    [ 14, 33, 242, 560, 847, 1694 ],
    [ 14, 34, 85, 124, 255, 510 ],
    [ 14, 34, 85, 131, 248, 510 ],
    [ 14, 34, 136, 175, 357, 714 ],
    [ 14, 35, 40, 60, 133, 280 ],
    [ 14, 35, 47, 94, 141, 329 ],
    [ 14, 35, 80, 160, 273, 560 ],
    [ 14, 37, 169, 230, 411, 859 ],
    [ 14, 38, 53, 56, 121, 280 ],
    [ 14, 40, 60, 105, 203, 420 ],
    [ 14, 40, 140, 165, 343, 700 ],
    [ 14, 41, 66, 119, 238, 476 ],
    [ 14, 41, 152, 410, 615, 1230 ],
    [ 14, 45, 70, 195, 308, 630 ],
    [ 14, 45, 210, 475, 728, 1470 ],
    [ 14, 45, 300, 700, 1043, 2100 ],
    [ 14, 46, 49, 77, 138, 322 ],
    [ 14, 46, 126, 161, 299, 644 ],
    [ 14, 49, 54, 81, 182, 378 ],
    [ 14, 50, 220, 275, 543, 1100 ],
    [ 14, 51, 68, 73, 102, 306 ],
    [ 14, 53, 69, 146, 211, 491 ],
    [ 14, 53, 71, 136, 219, 491 ],
    [ 14, 53, 77, 77, 166, 385 ],
    [ 14, 55, 60, 90, 203, 420 ],
    [ 14, 60, 100, 165, 323, 660 ],
    [ 14, 63, 115, 251, 427, 868 ],
    [ 14, 65, 106, 195, 272, 650 ],
    [ 14, 66, 82, 119, 197, 476 ],
    [ 14, 66, 187, 329, 407, 1001 ],
    [ 14, 67, 216, 576, 857, 1728 ],
    [ 14, 68, 102, 175, 357, 714 ],
    [ 14, 70, 82, 123, 287, 574 ],
    [ 14, 71, 249, 332, 415, 1079 ],
    [ 14, 75, 259, 346, 617, 1309 ],
    [ 14, 75, 405, 565, 1043, 2100 ],
    [ 14, 76, 91, 94, 273, 546 ],
    [ 14, 77, 101, 202, 315, 707 ],
    [ 14, 77, 130, 308, 397, 924 ],
    [ 14, 77, 178, 356, 623, 1246 ],
    [ 14, 78, 89, 266, 367, 812 ],
    [ 14, 80, 137, 182, 331, 742 ],
    [ 14, 80, 175, 440, 693, 1400 ],
    [ 14, 80, 215, 260, 553, 1120 ],
    [ 14, 80, 255, 680, 1013, 2040 ],
    [ 14, 80, 260, 345, 683, 1380 ],
    [ 14, 81, 184, 459, 722, 1458 ],
    [ 14, 82, 123, 140, 217, 574 ],
    [ 14, 83, 101, 309, 422, 927 ],
    [ 14, 90, 145, 390, 623, 1260 ],
    [ 14, 94, 217, 335, 441, 1099 ],
    [ 14, 99, 110, 143, 175, 539 ],
    [ 14, 99, 110, 329, 451, 1001 ],
    [ 14, 102, 119, 175, 306, 714 ],
    [ 14, 102, 170, 277, 561, 1122 ],
    [ 14, 107, 248, 613, 873, 1853 ],
    [ 14, 110, 149, 176, 433, 880 ],
    [ 14, 116, 133, 203, 348, 812 ],
    [ 14, 120, 255, 640, 1013, 2040 ],
    [ 14, 123, 398, 1066, 1599, 3198 ],
    [ 14, 125, 298, 447, 757, 1639 ],
    [ 14, 130, 154, 231, 397, 924 ],
    [ 14, 136, 442, 583, 1173, 2346 ],
    [ 14, 137, 310, 781, 1240, 2480 ],
    [ 14, 150, 195, 700, 1043, 2100 ],
    [ 14, 152, 205, 246, 615, 1230 ],
    [ 14, 164, 357, 902, 1435, 2870 ],
    [ 14, 164, 521, 1394, 2091, 4182 ],
    [ 14, 173, 937, 1307, 2429, 4858 ],
    [ 14, 178, 481, 582, 1253, 2506 ],
    [ 14, 181, 601, 1407, 2020, 4221 ],
    [ 14, 181, 782, 1769, 2744, 5488 ],
    [ 14, 181, 1144, 2674, 4011, 8022 ],
    [ 14, 202, 327, 880, 1421, 2842 ],
    [ 14, 231, 361, 847, 1090, 2541 ],
    [ 14, 246, 521, 1312, 2091, 4182 ],
    [ 14, 332, 433, 1554, 2331, 4662 ],
    [ 15, 15, 16, 24, 52, 120 ],
    [ 15, 16, 16, 75, 120, 240 ],
    [ 15, 16, 20, 41, 90, 180 ],
    [ 15, 16, 20, 49, 82, 180 ],
    [ 15, 16, 21, 25, 30, 105 ],
    [ 15, 16, 21, 30, 40, 120 ],
    [ 15, 16, 24, 43, 48, 144 ],
    [ 15, 16, 24, 75, 112, 240 ],
    [ 15, 16, 32, 75, 104, 240 ],
    [ 15, 16, 33, 36, 82, 180 ],
    [ 15, 16, 36, 55, 60, 180 ],
    [ 15, 16, 56, 75, 80, 240 ],
    [ 15, 16, 84, 105, 202, 420 ],
    [ 15, 16, 116, 145, 290, 580 ],
    [ 15, 16, 144, 187, 216, 576 ],
    [ 15, 16, 174, 232, 261, 696 ],
    [ 15, 18, 19, 40, 45, 135 ],
    [ 15, 18, 19, 81, 112, 243 ],
    [ 15, 18, 28, 90, 121, 270 ],
    [ 15, 18, 52, 151, 234, 468 ],
    [ 15, 18, 73, 175, 261, 540 ],
    [ 15, 18, 94, 235, 345, 705 ],
    [ 15, 18, 109, 265, 405, 810 ],
    [ 15, 18, 124, 186, 217, 558 ],
    [ 15, 19, 25, 38, 95, 190 ],
    [ 15, 19, 27, 36, 40, 135 ],
    [ 15, 19, 27, 36, 76, 171 ],
    [ 15, 19, 30, 105, 148, 315 ],
    [ 15, 19, 75, 90, 178, 375 ],
    [ 15, 19, 120, 285, 418, 855 ],
    [ 15, 19, 162, 211, 243, 648 ],
    [ 15, 20, 25, 29, 58, 145 ],
    [ 15, 20, 41, 46, 105, 225 ],
    [ 15, 20, 44, 55, 88, 220 ],
    [ 15, 20, 56, 61, 150, 300 ],
    [ 15, 20, 56, 89, 122, 300 ],
    [ 15, 20, 79, 125, 158, 395 ],
    [ 15, 21, 22, 42, 49, 147 ],
    [ 15, 22, 33, 121, 174, 363 ],
    [ 15, 22, 36, 127, 198, 396 ],
    [ 15, 22, 42, 154, 231, 462 ],
    [ 15, 22, 129, 177, 319, 660 ],
    [ 15, 22, 144, 192, 349, 720 ],
    [ 15, 23, 33, 115, 161, 345 ],
    [ 15, 23, 35, 40, 44, 155 ],
    [ 15, 23, 67, 139, 242, 484 ],
    [ 15, 24, 24, 40, 43, 144 ],
    [ 15, 24, 28, 115, 180, 360 ],
    [ 15, 24, 31, 112, 180, 360 ],
    [ 15, 24, 36, 52, 55, 180 ],
    [ 15, 24, 40, 115, 168, 360 ],
    [ 15, 24, 56, 115, 152, 360 ],
    [ 15, 24, 58, 108, 145, 348 ],
    [ 15, 24, 62, 112, 149, 360 ],
    [ 15, 24, 64, 123, 160, 384 ],
    [ 15, 25, 28, 33, 66, 165 ],
    [ 15, 25, 29, 105, 143, 315 ],
    [ 15, 25, 38, 38, 76, 190 ],
    [ 15, 25, 153, 204, 370, 765 ],
    [ 15, 25, 228, 304, 570, 1140 ],
    [ 15, 27, 29, 94, 134, 297 ],
    [ 15, 27, 91, 220, 324, 675 ],
    [ 15, 28, 190, 434, 665, 1330 ],
    [ 15, 29, 33, 121, 167, 363 ],
    [ 15, 31, 65, 86, 180, 375 ],
    [ 15, 33, 55, 154, 240, 495 ],
    [ 15, 33, 69, 115, 115, 345 ],
    [ 15, 33, 154, 385, 570, 1155 ],
    [ 15, 34, 40, 100, 153, 340 ],
    [ 15, 34, 55, 170, 238, 510 ],
    [ 15, 36, 44, 127, 176, 396 ],
    [ 15, 36, 76, 235, 360, 720 ],
    [ 15, 36, 88, 127, 132, 396 ],
    [ 15, 37, 111, 135, 259, 555 ],
    [ 15, 38, 68, 185, 289, 593 ],
    [ 15, 38, 215, 494, 760, 1520 ],
    [ 15, 40, 48, 64, 75, 240 ],
    [ 15, 40, 139, 245, 298, 735 ],
    [ 15, 40, 144, 235, 288, 720 ],
    [ 15, 42, 44, 154, 209, 462 ],
    [ 15, 43, 153, 250, 444, 903 ],
    [ 15, 46, 54, 157, 255, 525 ],
    [ 15, 46, 58, 63, 67, 247 ],
    [ 15, 46, 103, 206, 353, 721 ],
    [ 15, 48, 112, 331, 504, 1008 ],
    [ 15, 49, 248, 310, 620, 1240 ],
    [ 15, 50, 79, 95, 158, 395 ],
    [ 15, 51, 64, 192, 256, 576 ],
    [ 15, 54, 145, 355, 513, 1080 ],
    [ 15, 54, 253, 625, 945, 1890 ],
    [ 15, 55, 63, 89, 110, 330 ],
    [ 15, 55, 88, 99, 240, 495 ],
    [ 15, 55, 228, 309, 550, 1155 ],
    [ 15, 55, 363, 484, 900, 1815 ],
    [ 15, 55, 393, 529, 990, 1980 ],
    [ 15, 59, 255, 595, 863, 1785 ],
    [ 15, 59, 314, 713, 1099, 2198 ],
    [ 15, 59, 373, 890, 1335, 2670 ],
    [ 15, 63, 66, 109, 142, 393 ],
    [ 15, 63, 75, 109, 130, 390 ],
    [ 15, 64, 80, 235, 328, 720 ],
    [ 15, 64, 120, 315, 448, 960 ],
    [ 15, 64, 432, 571, 648, 1728 ],
    [ 15, 69, 154, 303, 385, 924 ],
    [ 15, 73, 258, 430, 774, 1548 ],
    [ 15, 74, 259, 346, 677, 1369 ],
    [ 15, 80, 224, 395, 488, 1200 ],
    [ 15, 85, 279, 460, 558, 1395 ],
    [ 15, 88, 96, 128, 155, 480 ],
    [ 15, 89, 165, 445, 623, 1335 ],
    [ 15, 110, 393, 529, 935, 1980 ],
    [ 15, 115, 141, 141, 295, 705 ],
    [ 15, 118, 126, 173, 215, 645 ],
    [ 15, 121, 759, 1012, 1890, 3795 ],
    [ 15, 125, 453, 604, 1070, 2265 ],
    [ 15, 133, 713, 990, 1136, 2985 ],
    [ 15, 133, 846, 1123, 1269, 3384 ],
    [ 15, 141, 321, 475, 475, 1425 ],
    [ 15, 144, 160, 475, 648, 1440 ],
    [ 15, 148, 629, 790, 1565, 3145 ],
    [ 15, 154, 803, 1925, 2880, 5775 ],
    [ 15, 163, 689, 865, 1730, 3460 ],
    [ 15, 178, 1131, 1513, 1704, 4539 ],
    [ 15, 185, 259, 320, 518, 1295 ],
    [ 15, 202, 252, 341, 467, 1275 ],
    [ 15, 215, 304, 380, 608, 1520 ],
    [ 15, 229, 735, 1710, 2458, 5145 ],
    [ 15, 229, 1193, 2855, 4290, 8580 ],
    [ 15, 230, 371, 614, 857, 2085 ],
    [ 15, 233, 503, 1250, 1766, 3765 ],
    [ 15, 241, 786, 1053, 1852, 3945 ],
    [ 15, 241, 1509, 2017, 3780, 7560 ],
    [ 15, 304, 975, 2280, 3268, 6840 ],
    [ 16, 17, 20, 69, 104, 224 ],
    [ 16, 17, 85, 108, 116, 340 ],
    [ 16, 17, 92, 115, 222, 460 ],
    [ 16, 18, 22, 45, 99, 198 ],
    [ 16, 18, 53, 136, 203, 424 ],
    [ 16, 18, 61, 168, 243, 504 ],
    [ 16, 18, 76, 99, 189, 396 ],
    [ 16, 19, 24, 95, 152, 304 ],
    [ 16, 19, 32, 95, 144, 304 ],
    [ 16, 19, 39, 109, 162, 343 ],
    [ 16, 19, 48, 95, 128, 304 ],
    [ 16, 20, 20, 21, 25, 100 ],
    [ 16, 20, 30, 41, 75, 180 ],
    [ 16, 20, 39, 65, 122, 260 ],
    [ 16, 20, 41, 45, 60, 180 ],
    [ 16, 20, 51, 85, 170, 340 ],
    [ 16, 21, 29, 56, 104, 224 ],
    [ 16, 21, 60, 153, 232, 480 ],
    [ 16, 21, 81, 216, 316, 648 ],
    [ 16, 21, 120, 273, 412, 840 ],
    [ 16, 21, 141, 336, 496, 1008 ],
    [ 16, 22, 67, 84, 165, 352 ],
    [ 16, 22, 84, 109, 207, 436 ],
    [ 16, 22, 100, 125, 239, 500 ],
    [ 16, 23, 32, 115, 184, 368 ],
    [ 16, 23, 43, 47, 104, 231 ],
    [ 16, 24, 39, 99, 160, 336 ],
    [ 16, 24, 45, 97, 156, 336 ],
    [ 16, 24, 45, 105, 172, 360 ],
    [ 16, 24, 51, 127, 216, 432 ],
    [ 16, 24, 57, 133, 228, 456 ],
    [ 16, 25, 140, 171, 350, 700 ],
    [ 16, 25, 140, 179, 342, 700 ],
    [ 16, 26, 65, 168, 247, 520 ],
    [ 16, 26, 81, 108, 203, 432 ],
    [ 16, 27, 27, 40, 108, 216 ],
    [ 16, 27, 40, 54, 81, 216 ],
    [ 16, 27, 40, 63, 72, 216 ],
    [ 16, 27, 48, 135, 208, 432 ],
    [ 16, 27, 48, 151, 240, 480 ],
    [ 16, 27, 66, 198, 289, 594 ],
    [ 16, 27, 144, 327, 496, 1008 ],
    [ 16, 27, 148, 189, 378, 756 ],
    [ 16, 27, 171, 408, 604, 1224 ],
    [ 16, 29, 49, 53, 116, 261 ],
    [ 16, 30, 35, 41, 120, 240 ],
    [ 16, 30, 45, 54, 127, 270 ],
    [ 16, 30, 47, 105, 149, 345 ],
    [ 16, 30, 51, 160, 225, 480 ],
    [ 16, 31, 41, 86, 131, 303 ],
    [ 16, 31, 48, 155, 248, 496 ],
    [ 16, 31, 74, 222, 325, 666 ],
    [ 16, 31, 96, 155, 200, 496 ],
    [ 16, 31, 207, 488, 740, 1480 ],
    [ 16, 33, 36, 133, 216, 432 ],
    [ 16, 33, 188, 235, 470, 940 ],
    [ 16, 36, 71, 113, 234, 468 ],
    [ 16, 37, 72, 209, 332, 664 ],
    [ 16, 39, 135, 180, 352, 720 ],
    [ 16, 39, 247, 584, 884, 1768 ],
    [ 16, 41, 232, 533, 820, 1640 ],
    [ 16, 43, 63, 181, 258, 559 ],
    [ 16, 45, 56, 60, 65, 240 ],
    [ 16, 45, 62, 135, 194, 450 ],
    [ 16, 45, 204, 255, 502, 1020 ],
    [ 16, 46, 59, 176, 249, 544 ],
    [ 16, 49, 53, 58, 87, 261 ],
    [ 16, 49, 60, 64, 69, 256 ],
    [ 16, 50, 140, 171, 325, 700 ],
    [ 16, 51, 187, 244, 252, 748 ],
    [ 16, 53, 280, 641, 988, 1976 ],
    [ 16, 54, 81, 94, 243, 486 ],
    [ 16, 54, 93, 126, 271, 558 ],
    [ 16, 54, 148, 189, 351, 756 ],
    [ 16, 55, 96, 275, 440, 880 ],
    [ 16, 55, 144, 227, 296, 736 ],
    [ 16, 59, 146, 438, 657, 1314 ],
    [ 16, 59, 203, 276, 536, 1088 ],
    [ 16, 60, 73, 93, 112, 352 ],
    [ 16, 61, 284, 359, 434, 1152 ],
    [ 16, 63, 144, 363, 568, 1152 ],
    [ 16, 63, 207, 552, 820, 1656 ],
    [ 16, 63, 288, 651, 1000, 2016 ],
    [ 16, 63, 351, 840, 1252, 2520 ],
    [ 16, 65, 221, 363, 442, 1105 ],
    [ 16, 65, 442, 584, 663, 1768 ],
    [ 16, 66, 188, 235, 437, 940 ],
    [ 16, 67, 304, 687, 1056, 2128 ],
    [ 16, 67, 371, 888, 1324, 2664 ],
    [ 16, 71, 247, 324, 656, 1312 ],
    [ 16, 72, 99, 255, 424, 864 ],
    [ 16, 72, 117, 273, 460, 936 ],
    [ 16, 73, 202, 303, 519, 1111 ],
    [ 16, 73, 332, 419, 822, 1660 ],
    [ 16, 77, 348, 431, 870, 1740 ],
    [ 16, 78, 137, 182, 395, 806 ],
    [ 16, 81, 364, 459, 918, 1836 ],
    [ 16, 83, 192, 479, 752, 1520 ],
    [ 16, 83, 275, 728, 1084, 2184 ],
    [ 16, 88, 119, 307, 512, 1040 ],
    [ 16, 88, 145, 333, 564, 1144 ],
    [ 16, 89, 424, 541, 644, 1712 ],
    [ 16, 89, 602, 808, 911, 2424 ],
    [ 16, 91, 299, 792, 1196, 2392 ],
    [ 16, 91, 507, 1208, 1820, 3640 ],
    [ 16, 93, 313, 527, 634, 1581 ],
    [ 16, 97, 333, 555, 666, 1665 ],
    [ 16, 102, 173, 238, 527, 1054 ],
    [ 16, 110, 193, 262, 317, 896 ],
    [ 16, 123, 560, 1271, 1968, 3936 ],
    [ 16, 124, 145, 283, 442, 1008 ],
    [ 16, 127, 288, 731, 1160, 2320 ],
    [ 16, 127, 415, 1112, 1668, 3336 ],
    [ 16, 131, 152, 311, 456, 1064 ],
    [ 16, 143, 656, 1483, 2296, 4592 ],
    [ 16, 143, 799, 1912, 2868, 5736 ],
    [ 16, 152, 173, 353, 540, 1232 ],
    [ 16, 152, 211, 543, 920, 1840 ],
    [ 16, 152, 245, 577, 988, 1976 ],
    [ 16, 152, 249, 581, 996, 1992 ],
    [ 17, 17, 48, 80, 112, 272 ],
    [ 17, 18, 21, 91, 128, 273 ],
    [ 17, 20, 21, 28, 56, 140 ],
    [ 17, 20, 34, 50, 51, 170 ],
    [ 17, 20, 34, 118, 187, 374 ],
    [ 17, 20, 42, 154, 231, 462 ],
    [ 17, 21, 28, 35, 41, 140 ],
    [ 17, 21, 34, 119, 168, 357 ],
    [ 17, 21, 48, 103, 170, 357 ],
    [ 17, 21, 68, 85, 168, 357 ],
    [ 17, 21, 119, 272, 406, 833 ],
    [ 17, 22, 200, 274, 511, 1022 ],
    [ 17, 22, 222, 296, 555, 1110 ],
    [ 17, 23, 74, 184, 279, 575 ],
    [ 17, 24, 52, 91, 130, 312 ],
    [ 17, 24, 52, 91, 182, 364 ],
    [ 17, 26, 110, 138, 289, 578 ],
    [ 17, 26, 138, 332, 511, 1022 ],
    [ 17, 27, 56, 140, 238, 476 ],
    [ 17, 27, 67, 134, 226, 469 ],
    [ 17, 28, 34, 42, 119, 238 ],
    [ 17, 28, 98, 265, 406, 812 ],
    [ 17, 28, 202, 462, 707, 1414 ],
    [ 17, 29, 40, 61, 116, 261 ],
    [ 17, 29, 130, 174, 319, 667 ],
    [ 17, 29, 213, 497, 737, 1491 ],
    [ 17, 32, 50, 56, 103, 256 ],
    [ 17, 32, 72, 221, 340, 680 ],
    [ 17, 32, 92, 229, 336, 704 ],
    [ 17, 32, 125, 219, 266, 657 ],
    [ 17, 34, 54, 135, 221, 459 ],
    [ 17, 35, 231, 314, 364, 959 ],
    [ 17, 37, 59, 222, 333, 666 ],
    [ 17, 39, 78, 247, 362, 741 ],
    [ 17, 39, 182, 455, 674, 1365 ],
    [ 17, 39, 234, 325, 596, 1209 ],
    [ 17, 39, 273, 364, 674, 1365 ],
    [ 17, 40, 58, 61, 87, 261 ],
    [ 17, 40, 64, 221, 340, 680 ],
    [ 17, 40, 128, 221, 276, 680 ],
    [ 17, 42, 266, 629, 952, 1904 ],
    [ 17, 43, 172, 230, 443, 903 ],
    [ 17, 44, 205, 484, 704, 1452 ],
    [ 17, 49, 126, 314, 455, 959 ],
    [ 17, 49, 143, 365, 523, 1095 ],
    [ 17, 56, 112, 293, 420, 896 ],
    [ 17, 56, 112, 349, 532, 1064 ],
    [ 17, 63, 232, 310, 557, 1177 ],
    [ 17, 65, 91, 325, 479, 975 ],
    [ 17, 65, 221, 260, 544, 1105 ],
    [ 17, 78, 429, 1027, 1532, 3081 ],
    [ 17, 84, 140, 140, 181, 560 ],
    [ 17, 88, 425, 968, 1496, 2992 ],
    [ 17, 89, 323, 748, 1086, 2261 ],
    [ 17, 93, 352, 475, 842, 1777 ],
    [ 17, 98, 182, 391, 504, 1190 ],
    [ 17, 99, 113, 338, 466, 1031 ],
    [ 17, 112, 154, 391, 518, 1190 ],
    [ 17, 112, 252, 629, 896, 1904 ],
    [ 17, 112, 392, 909, 1316, 2744 ],
    [ 17, 112, 616, 1469, 2212, 4424 ],
    [ 17, 116, 391, 464, 986, 1972 ],
    [ 17, 116, 391, 522, 928, 1972 ],
    [ 17, 117, 208, 663, 986, 1989 ],
    [ 17, 117, 312, 559, 986, 1989 ],
    [ 17, 130, 195, 221, 544, 1105 ],
    [ 17, 133, 222, 370, 740, 1480 ],
    [ 17, 136, 190, 475, 799, 1615 ],
    [ 17, 157, 357, 884, 1256, 2669 ],
    [ 17, 163, 267, 623, 1068, 2136 ],
    [ 17, 182, 1131, 2639, 3950, 7917 ],
    [ 17, 191, 646, 867, 1528, 3247 ],
    [ 17, 207, 442, 1104, 1751, 3519 ],
    [ 17, 215, 688, 918, 1819, 3655 ],
    [ 17, 221, 354, 590, 826, 2006 ],
    [ 17, 224, 476, 560, 629, 1904 ],
    [ 17, 232, 348, 391, 986, 1972 ],
    [ 17, 258, 544, 645, 731, 2193 ],
    [ 17, 267, 1658, 3863, 5803, 11606 ],
    [ 17, 283, 909, 1207, 2414, 4828 ],
    [ 17, 309, 1309, 1648, 1972, 5253 ],
    [ 17, 314, 671, 1669, 2355, 5024 ],
    [ 17, 326, 459, 815, 1156, 2771 ],
    [ 17, 343, 731, 1835, 2924, 5848 ],
    [ 17, 343, 1462, 1835, 2193, 5848 ],
    [ 17, 352, 2185, 5104, 7656, 15312 ],
    [ 17, 382, 1219, 1631, 2865, 6112 ],
    [ 17, 433, 926, 2315, 3256, 6945 ],
    [ 17, 433, 1389, 1852, 3256, 6945 ],
    [ 18, 19, 27, 31, 33, 126 ],
    [ 18, 19, 42, 112, 189, 378 ],
    [ 18, 19, 61, 96, 192, 384 ],
    [ 18, 22, 27, 54, 97, 216 ],
    [ 18, 22, 27, 90, 133, 288 ],
    [ 18, 22, 30, 57, 103, 228 ],
    [ 18, 22, 36, 45, 97, 216 ],
    [ 18, 22, 45, 126, 187, 396 ],
    [ 18, 22, 67, 192, 297, 594 ],
    [ 18, 23, 23, 30, 46, 138 ],
    [ 18, 24, 25, 88, 135, 288 ],
    [ 18, 25, 35, 99, 140, 315 ],
    [ 18, 25, 45, 49, 135, 270 ],
    [ 18, 25, 73, 210, 324, 648 ],
    [ 18, 26, 49, 78, 143, 312 ],
    [ 18, 27, 40, 126, 169, 378 ],
    [ 18, 27, 172, 258, 301, 774 ],
    [ 18, 28, 28, 63, 117, 252 ],
    [ 18, 28, 35, 70, 131, 280 ],
    [ 18, 28, 43, 75, 81, 243 ],
    [ 18, 28, 81, 141, 238, 504 ],
    [ 18, 28, 91, 252, 369, 756 ],
    [ 18, 28, 123, 211, 378, 756 ],
    [ 18, 29, 35, 40, 60, 180 ],
    [ 18, 33, 130, 325, 471, 975 ],
    [ 18, 33, 163, 391, 603, 1206 ],
    [ 18, 33, 178, 258, 307, 792 ],
    [ 18, 35, 165, 379, 560, 1155 ],
    [ 18, 37, 50, 156, 209, 468 ],
    [ 18, 39, 39, 85, 94, 273 ],
    [ 18, 39, 156, 202, 211, 624 ],
    [ 18, 40, 103, 150, 291, 600 ],
    [ 18, 42, 49, 49, 138, 294 ],
    [ 18, 43, 84, 286, 429, 858 ],
    [ 18, 44, 59, 176, 277, 572 ],
    [ 18, 45, 55, 159, 220, 495 ],
    [ 18, 45, 58, 180, 241, 540 ],
    [ 18, 45, 244, 366, 427, 1098 ],
    [ 18, 46, 46, 99, 207, 414 ],
    [ 18, 46, 69, 99, 184, 414 ],
    [ 18, 46, 92, 99, 161, 414 ],
    [ 18, 46, 115, 168, 345, 690 ],
    [ 18, 47, 219, 517, 752, 1551 ],
    [ 18, 49, 336, 784, 1167, 2352 ],
    [ 18, 52, 75, 117, 208, 468 ],
    [ 18, 55, 65, 68, 139, 343 ],
    [ 18, 58, 63, 153, 232, 522 ],
    [ 18, 58, 90, 135, 241, 540 ],
    [ 18, 60, 70, 73, 201, 420 ],
    [ 18, 61, 290, 426, 503, 1296 ],
    [ 18, 63, 79, 237, 316, 711 ],
    [ 18, 69, 82, 155, 161, 483 ],
    [ 18, 70, 238, 315, 621, 1260 ],
    [ 18, 75, 78, 130, 169, 468 ],
    [ 18, 78, 81, 136, 175, 486 ],
    [ 18, 78, 88, 91, 273, 546 ],
    [ 18, 78, 91, 176, 185, 546 ],
    [ 18, 78, 94, 141, 235, 564 ],
    [ 18, 79, 265, 351, 693, 1404 ],
    [ 18, 84, 91, 364, 537, 1092 ],
    [ 18, 91, 294, 490, 873, 1764 ],
    [ 18, 98, 140, 245, 481, 980 ],
    [ 18, 99, 442, 654, 769, 1980 ],
    [ 18, 105, 343, 805, 1251, 2520 ],
    [ 18, 109, 423, 987, 1426, 2961 ],
    [ 18, 109, 750, 1750, 2625, 5250 ],
    [ 18, 112, 301, 840, 1251, 2520 ],
    [ 18, 112, 476, 595, 1181, 2380 ],
    [ 18, 113, 139, 423, 578, 1269 ],
    [ 18, 115, 253, 384, 750, 1518 ],
    [ 18, 115, 391, 513, 1035, 2070 ],
    [ 18, 115, 391, 522, 1026, 2070 ],
    [ 18, 129, 281, 553, 698, 1677 ],
    [ 18, 133, 168, 448, 747, 1512 ],
    [ 18, 133, 289, 438, 876, 1752 ],
    [ 18, 135, 148, 450, 601, 1350 ],
    [ 18, 135, 604, 906, 1057, 2718 ],
    [ 18, 140, 224, 259, 621, 1260 ],
    [ 18, 140, 224, 371, 733, 1484 ],
    [ 18, 142, 465, 781, 939, 2343 ],
    [ 18, 143, 489, 1135, 1640, 3423 ],
    [ 18, 151, 517, 684, 1368, 2736 ],
    [ 18, 156, 507, 670, 679, 2028 ],
    [ 18, 166, 279, 738, 1033, 2232 ],
    [ 18, 166, 445, 1236, 1863, 3726 ],
    [ 18, 174, 187, 754, 1131, 2262 ],
    [ 18, 175, 373, 1110, 1674, 3348 ],
    [ 18, 181, 582, 976, 1755, 3510 ],
    [ 18, 184, 414, 513, 943, 2070 ],
    [ 18, 184, 782, 973, 1955, 3910 ],
    [ 18, 202, 450, 567, 1033, 2268 ],
    [ 18, 220, 369, 990, 1375, 2970 ],
    [ 18, 230, 368, 605, 1219, 2438 ],
    [ 18, 231, 526, 1315, 1857, 3945 ],
    [ 18, 231, 757, 1777, 2781, 5562 ],
    [ 18, 238, 405, 540, 961, 2160 ],
    [ 18, 277, 348, 934, 1575, 3150 ],
    [ 18, 284, 458, 529, 1287, 2574 ],
    [ 19, 19, 48, 60, 84, 228 ],
    [ 19, 20, 36, 107, 160, 340 ],
    [ 19, 20, 43, 49, 110, 239 ],
    [ 19, 20, 55, 165, 238, 495 ],
    [ 19, 20, 128, 165, 310, 640 ],
    [ 19, 20, 128, 165, 330, 660 ],
    [ 19, 22, 38, 132, 209, 418 ],
    [ 19, 22, 156, 234, 429, 858 ],
    [ 19, 23, 47, 155, 242, 484 ],
    [ 19, 24, 25, 30, 48, 144 ],
    [ 19, 24, 111, 304, 456, 912 ],
    [ 19, 24, 222, 304, 345, 912 ],
    [ 19, 25, 130, 325, 478, 975 ],
    [ 19, 25, 195, 260, 478, 975 ],
    [ 19, 26, 116, 146, 305, 610 ],
    [ 19, 26, 116, 202, 361, 722 ],
    [ 19, 28, 35, 40, 60, 180 ],
    [ 19, 28, 148, 339, 504, 1036 ],
    [ 19, 28, 186, 434, 637, 1302 ],
    [ 19, 28, 232, 535, 812, 1624 ],
    [ 19, 28, 270, 630, 945, 1890 ],
    [ 19, 31, 269, 365, 413, 1095 ],
    [ 19, 32, 64, 207, 320, 640 ],
    [ 19, 32, 82, 230, 361, 722 ],
    [ 19, 32, 128, 207, 256, 640 ],
    [ 19, 33, 39, 63, 76, 228 ],
    [ 19, 33, 39, 145, 234, 468 ],
    [ 19, 33, 60, 220, 330, 660 ],
    [ 19, 33, 210, 291, 532, 1083 ],
    [ 19, 38, 66, 88, 209, 418 ],
    [ 19, 39, 120, 147, 304, 627 ],
    [ 19, 39, 147, 348, 532, 1083 ],
    [ 19, 41, 114, 284, 437, 893 ],
    [ 19, 42, 114, 304, 435, 912 ],
    [ 19, 42, 228, 532, 777, 1596 ],
    [ 19, 45, 90, 285, 418, 855 ],
    [ 19, 45, 135, 240, 418, 855 ],
    [ 19, 47, 224, 529, 770, 1587 ],
    [ 19, 47, 365, 858, 1287, 2574 ],
    [ 19, 48, 64, 80, 95, 304 ],
    [ 19, 49, 70, 74, 105, 315 ],
    [ 19, 60, 323, 740, 1140, 2280 ],
    [ 19, 61, 247, 570, 834, 1729 ],
    [ 19, 63, 360, 861, 1282, 2583 ],
    [ 19, 64, 128, 399, 608, 1216 ],
    [ 19, 64, 160, 399, 576, 1216 ],
    [ 19, 64, 192, 335, 416, 1024 ],
    [ 19, 66, 247, 297, 627, 1254 ],
    [ 19, 66, 247, 330, 594, 1254 ],
    [ 19, 73, 120, 420, 630, 1260 ],
    [ 19, 75, 105, 150, 328, 675 ],
    [ 19, 77, 169, 507, 751, 1521 ],
    [ 19, 79, 190, 474, 741, 1501 ],
    [ 19, 80, 323, 760, 1100, 2280 ],
    [ 19, 83, 120, 160, 220, 600 ],
    [ 19, 83, 125, 150, 225, 600 ],
    [ 19, 90, 117, 429, 634, 1287 ],
    [ 19, 93, 170, 371, 632, 1283 ],
    [ 19, 98, 147, 262, 505, 1029 ],
    [ 19, 105, 150, 525, 778, 1575 ],
    [ 19, 107, 389, 513, 1026, 2052 ],
    [ 19, 117, 551, 702, 836, 2223 ],
    [ 19, 125, 141, 422, 686, 1391 ],
    [ 19, 128, 704, 975, 1120, 2944 ],
    [ 19, 133, 200, 250, 350, 950 ],
    [ 19, 137, 181, 235, 389, 959 ],
    [ 19, 139, 797, 1906, 2859, 5718 ],
    [ 19, 147, 326, 392, 441, 1323 ],
    [ 19, 167, 880, 2109, 3154, 6327 ],
    [ 19, 190, 237, 316, 741, 1501 ],
    [ 19, 205, 442, 1104, 1749, 3517 ],
    [ 19, 224, 1184, 2831, 4256, 8512 ],
    [ 19, 270, 465, 1485, 2218, 4455 ],
    [ 19, 315, 810, 2265, 3388, 6795 ],
    [ 19, 351, 468, 551, 836, 2223 ],
    [ 19, 384, 1216, 2831, 4064, 8512 ],
    [ 19, 403, 693, 2207, 3320, 6640 ],
    [ 19, 405, 495, 1320, 2218, 4455 ],
    [ 19, 448, 704, 1871, 2592, 5632 ],
    [ 19, 448, 1152, 3215, 4832, 9664 ],
    [ 19, 517, 1634, 3819, 5470, 11457 ],
    [ 19, 619, 970, 2593, 3580, 7779 ],
    [ 19, 823, 1008, 2688, 4536, 9072 ],
    [ 19, 842, 1027, 2745, 4631, 9262 ],
    [ 20, 21, 38, 63, 70, 210 ],
    [ 20, 21, 115, 154, 287, 595 ],
    [ 20, 21, 136, 175, 350, 700 ],
    [ 20, 22, 48, 77, 143, 308 ],
    [ 20, 23, 180, 239, 280, 740 ],
    [ 20, 23, 200, 459, 700, 1400 ],
    [ 20, 24, 28, 35, 35, 140 ],
    [ 20, 24, 29, 61, 132, 264 ],
    [ 20, 24, 53, 95, 170, 360 ],
    [ 20, 25, 26, 31, 50, 150 ],
    [ 20, 25, 35, 39, 78, 195 ],
    [ 20, 25, 49, 55, 98, 245 ],
    [ 20, 25, 51, 56, 130, 280 ],
    [ 20, 25, 76, 81, 200, 400 ],
    [ 20, 25, 76, 119, 162, 400 ],
    [ 20, 25, 104, 165, 208, 520 ],
    [ 20, 25, 129, 215, 258, 645 ],
    [ 20, 26, 52, 73, 143, 312 ],
    [ 20, 26, 104, 125, 247, 520 ],
    [ 20, 28, 29, 65, 120, 260 ],
    [ 20, 28, 31, 63, 140, 280 ],
    [ 20, 28, 41, 77, 144, 308 ],
    [ 20, 28, 41, 77, 164, 328 ],
    [ 20, 28, 43, 65, 126, 280 ],
    [ 20, 30, 33, 109, 170, 360 ],
    [ 20, 30, 56, 61, 135, 300 ],
    [ 20, 30, 86, 91, 225, 450 ],
    [ 20, 31, 212, 279, 328, 868 ],
    [ 20, 32, 51, 85, 154, 340 ],
    [ 20, 33, 36, 121, 188, 396 ],
    [ 20, 33, 92, 143, 286, 572 ],
    [ 20, 34, 77, 102, 211, 442 ],
    [ 20, 34, 85, 220, 323, 680 ],
    [ 20, 34, 140, 175, 333, 700 ],
    [ 20, 35, 45, 49, 98, 245 ],
    [ 20, 35, 64, 75, 128, 320 ],
    [ 20, 38, 55, 79, 85, 275 ],
    [ 20, 38, 128, 165, 311, 660 ],
    [ 20, 39, 104, 151, 312, 624 ],
    [ 20, 39, 104, 161, 302, 624 ],
    [ 20, 41, 45, 46, 75, 225 ],
    [ 20, 47, 166, 249, 433, 913 ],
    [ 20, 50, 74, 105, 173, 420 ],
    [ 20, 50, 76, 81, 175, 400 ],
    [ 20, 50, 126, 131, 325, 650 ],
    [ 20, 51, 128, 187, 364, 748 ],
    [ 20, 53, 130, 329, 510, 1040 ],
    [ 20, 53, 132, 203, 274, 680 ],
    [ 20, 53, 300, 689, 1060, 2120 ],
    [ 20, 61, 148, 217, 444, 888 ],
    [ 20, 63, 160, 399, 620, 1260 ],
    [ 20, 65, 104, 125, 208, 520 ],
    [ 20, 75, 101, 106, 225, 525 ],
    [ 20, 75, 124, 155, 248, 620 ],
    [ 20, 75, 176, 181, 450, 900 ],
    [ 20, 75, 176, 269, 362, 900 ],
    [ 20, 78, 104, 151, 273, 624 ],
    [ 20, 78, 143, 190, 351, 780 ],
    [ 20, 83, 187, 192, 288, 768 ],
    [ 20, 85, 289, 475, 578, 1445 ],
    [ 20, 88, 115, 115, 124, 460 ],
    [ 20, 89, 493, 1180, 1760, 3540 ],
    [ 20, 93, 212, 217, 328, 868 ],
    [ 20, 93, 230, 589, 930, 1860 ],
    [ 20, 93, 460, 589, 700, 1860 ],
    [ 20, 94, 175, 460, 653, 1400 ],
    [ 20, 98, 183, 250, 451, 1000 ],
    [ 20, 103, 260, 659, 1040, 2080 ],
    [ 20, 103, 520, 659, 780, 2080 ],
    [ 20, 114, 215, 280, 513, 1140 ],
    [ 20, 114, 280, 355, 653, 1420 ],
    [ 20, 119, 264, 269, 670, 1340 ],
    [ 20, 119, 663, 1580, 2380, 4760 ],
    [ 20, 125, 304, 465, 608, 1520 ],
    [ 20, 125, 429, 715, 858, 2145 ],
    [ 20, 133, 150, 449, 730, 1480 ],
    [ 20, 134, 255, 340, 613, 1360 ],
    [ 20, 150, 176, 181, 375, 900 ],
    [ 20, 150, 326, 331, 825, 1650 ],
    [ 20, 157, 198, 726, 1079, 2178 ],
    [ 20, 176, 181, 225, 300, 900 ],
    [ 20, 187, 238, 866, 1309, 2618 ],
    [ 20, 267, 338, 1246, 1869, 3738 ],
    [ 21, 21, 32, 112, 152, 336 ],
    [ 21, 22, 143, 184, 347, 715 ],
    [ 21, 24, 26, 112, 155, 336 ],
    [ 21, 24, 28, 48, 49, 168 ],
    [ 21, 24, 70, 132, 175, 420 ],
    [ 21, 25, 36, 45, 100, 225 ],
    [ 21, 25, 56, 175, 250, 525 ],
    [ 21, 25, 63, 168, 250, 525 ],
    [ 21, 25, 84, 147, 250, 525 ],
    [ 21, 25, 105, 126, 250, 525 ],
    [ 21, 26, 53, 175, 273, 546 ],
    [ 21, 26, 122, 212, 379, 758 ],
    [ 21, 28, 32, 63, 110, 252 ],
    [ 21, 28, 60, 133, 180, 420 ],
    [ 21, 30, 33, 67, 82, 231 ],
    [ 21, 30, 136, 340, 495, 1020 ],
    [ 21, 31, 49, 56, 62, 217 ],
    [ 21, 32, 56, 161, 236, 504 ],
    [ 21, 32, 61, 112, 224, 448 ],
    [ 21, 32, 84, 217, 320, 672 ],
    [ 21, 32, 86, 242, 379, 758 ],
    [ 21, 32, 189, 448, 656, 1344 ],
    [ 21, 34, 99, 205, 357, 714 ],
    [ 21, 34, 255, 595, 882, 1785 ],
    [ 21, 35, 73, 146, 238, 511 ],
    [ 21, 36, 40, 49, 52, 196 ],
    [ 21, 37, 225, 525, 769, 1575 ],
    [ 21, 43, 117, 165, 172, 516 ],
    [ 21, 45, 46, 51, 115, 276 ],
    [ 21, 45, 48, 112, 112, 336 ],
    [ 21, 46, 123, 253, 318, 759 ],
    [ 21, 48, 52, 217, 336, 672 ],
    [ 21, 48, 104, 217, 284, 672 ],
    [ 21, 49, 87, 174, 280, 609 ],
    [ 21, 49, 136, 272, 476, 952 ],
    [ 21, 53, 63, 154, 236, 525 ],
    [ 21, 55, 55, 91, 165, 385 ],
    [ 21, 55, 220, 294, 567, 1155 ],
    [ 21, 56, 88, 217, 292, 672 ],
    [ 21, 60, 91, 280, 390, 840 ],
    [ 21, 61, 64, 112, 192, 448 ],
    [ 21, 64, 285, 672, 976, 2016 ],
    [ 21, 64, 477, 1120, 1680, 3360 ],
    [ 21, 67, 189, 462, 670, 1407 ],
    [ 21, 69, 88, 352, 528, 1056 ],
    [ 21, 69, 169, 345, 433, 1035 ],
    [ 21, 69, 176, 352, 440, 1056 ],
    [ 21, 69, 264, 352, 352, 1056 ],
    [ 21, 70, 157, 314, 539, 1099 ],
    [ 21, 74, 203, 259, 481, 1036 ],
    [ 21, 75, 106, 325, 450, 975 ],
    [ 21, 75, 181, 550, 825, 1650 ],
    [ 21, 87, 133, 370, 588, 1197 ],
    [ 21, 103, 242, 350, 357, 1071 ],
    [ 21, 119, 150, 307, 476, 1071 ],
    [ 21, 119, 269, 545, 952, 1904 ],
    [ 21, 127, 145, 434, 598, 1323 ],
    [ 21, 131, 193, 343, 686, 1372 ],
    [ 21, 131, 243, 655, 917, 1965 ],
    [ 21, 145, 492, 1312, 1968, 3936 ],
    [ 21, 148, 647, 814, 1628, 3256 ],
    [ 21, 150, 238, 307, 357, 1071 ],
    [ 21, 151, 175, 518, 712, 1575 ],
    [ 21, 162, 231, 331, 412, 1155 ],
    [ 21, 169, 369, 745, 1302, 2604 ],
    [ 21, 178, 570, 1513, 2259, 4539 ],
    [ 21, 193, 672, 1575, 2266, 4725 ],
    [ 21, 193, 1251, 2926, 4389, 8778 ],
    [ 21, 199, 633, 1681, 2532, 5064 ],
    [ 21, 200, 231, 700, 950, 2100 ],
    [ 21, 222, 351, 592, 592, 1776 ],
    [ 21, 238, 269, 545, 833, 1904 ],
    [ 21, 238, 507, 1021, 1785, 3570 ],
    [ 21, 243, 393, 655, 655, 1965 ],
    [ 21, 245, 283, 566, 868, 1981 ],
    [ 21, 321, 1039, 1398, 1738, 4515 ],
    [ 21, 323, 442, 1547, 2310, 4641 ],
    [ 21, 347, 749, 1862, 2630, 5607 ],
    [ 21, 431, 693, 1162, 1874, 4179 ],
    [ 21, 491, 673, 2345, 3528, 7056 ],
    [ 22, 25, 66, 197, 308, 616 ],
    [ 22, 25, 154, 351, 528, 1078 ],
    [ 22, 26, 44, 77, 141, 308 ],
    [ 22, 26, 99, 165, 284, 594 ],
    [ 22, 26, 110, 143, 273, 572 ],
    [ 22, 27, 28, 101, 149, 325 ],
    [ 22, 27, 36, 144, 205, 432 ],
    [ 22, 27, 52, 198, 297, 594 ],
    [ 22, 27, 63, 198, 286, 594 ],
    [ 22, 27, 216, 288, 529, 1080 ],
    [ 22, 28, 40, 77, 143, 308 ],
    [ 22, 28, 47, 140, 213, 448 ],
    [ 22, 30, 51, 75, 154, 330 ],
    [ 22, 30, 126, 165, 319, 660 ],
    [ 22, 33, 36, 54, 55, 198 ],
    [ 22, 33, 36, 120, 187, 396 ],
    [ 22, 33, 37, 143, 196, 429 ],
    [ 22, 33, 168, 252, 451, 924 ],
    [ 22, 36, 72, 81, 187, 396 ],
    [ 22, 36, 72, 117, 223, 468 ],
    [ 22, 36, 99, 252, 385, 792 ],
    [ 22, 37, 41, 87, 98, 283 ],
    [ 22, 38, 133, 227, 285, 703 ],
    [ 22, 45, 324, 432, 799, 1620 ],
    [ 22, 47, 77, 164, 231, 539 ],
    [ 22, 47, 132, 329, 506, 1034 ],
    [ 22, 48, 171, 456, 673, 1368 ],
    [ 22, 50, 129, 376, 575, 1150 ],
    [ 22, 54, 99, 135, 286, 594 ],
    [ 22, 54, 242, 289, 605, 1210 ],
    [ 22, 55, 58, 87, 99, 319 ],
    [ 22, 55, 256, 384, 693, 1408 ],
    [ 22, 56, 65, 195, 314, 650 ],
    [ 22, 58, 116, 183, 377, 754 ],
    [ 22, 59, 275, 649, 944, 1947 ],
    [ 22, 60, 216, 285, 559, 1140 ],
    [ 22, 60, 276, 345, 679, 1380 ],
    [ 22, 63, 72, 108, 241, 504 ],
    [ 22, 63, 269, 352, 704, 1408 ],
    [ 22, 64, 89, 94, 267, 534 ],
    [ 22, 65, 74, 296, 433, 888 ],
    [ 22, 69, 187, 483, 759, 1518 ],
    [ 22, 69, 374, 483, 572, 1518 ],
    [ 22, 70, 143, 374, 537, 1144 ],
    [ 22, 72, 84, 165, 319, 660 ],
    [ 22, 73, 492, 656, 1219, 2460 ],
    [ 22, 76, 143, 190, 407, 836 ],
    [ 22, 84, 96, 189, 367, 756 ],
    [ 22, 85, 109, 319, 424, 957 ],
    [ 22, 89, 119, 228, 367, 823 ],
    [ 22, 92, 187, 506, 713, 1518 ],
    [ 22, 92, 325, 874, 1311, 2622 ],
    [ 22, 95, 114, 341, 475, 1045 ],
    [ 22, 95, 551, 759, 874, 2299 ],
    [ 22, 98, 176, 245, 539, 1078 ],
    [ 22, 98, 245, 352, 363, 1078 ],
    [ 22, 99, 432, 648, 1177, 2376 ],
    [ 22, 108, 180, 297, 583, 1188 ],
    [ 22, 109, 278, 407, 407, 1221 ],
    [ 22, 133, 247, 304, 341, 1045 ],
    [ 22, 133, 304, 759, 1083, 2299 ],
    [ 22, 135, 864, 1152, 2149, 4320 ],
    [ 22, 139, 169, 517, 706, 1551 ],
    [ 22, 168, 187, 560, 913, 1848 ],
    [ 22, 169, 209, 627, 856, 1881 ],
    [ 22, 174, 290, 473, 957, 1914 ],
    [ 22, 174, 473, 580, 667, 1914 ],
    [ 22, 190, 209, 285, 341, 1045 ],
    [ 22, 209, 498, 747, 1265, 2739 ],
    [ 22, 209, 916, 1374, 2519, 5038 ],
    [ 22, 216, 567, 1584, 2365, 4752 ],
    [ 22, 218, 367, 605, 1210, 2420 ],
    [ 22, 218, 605, 734, 843, 2420 ],
    [ 22, 234, 253, 351, 429, 1287 ],
    [ 22, 267, 583, 890, 1177, 2937 ],
    [ 22, 289, 1854, 2472, 4635, 9270 ],
    [ 22, 316, 523, 879, 1422, 3160 ],
    [ 22, 338, 567, 945, 1532, 3402 ],
    [ 22, 378, 836, 1045, 1901, 4180 ],
    [ 22, 458, 1205, 3366, 5049, 10098 ],
    [ 23, 23, 26, 91, 138, 299 ],
    [ 23, 26, 69, 91, 92, 299 ],
    [ 23, 28, 96, 239, 356, 740 ],
    [ 23, 29, 30, 130, 210, 420 ],
    [ 23, 30, 52, 77, 103, 283 ],
    [ 23, 31, 196, 465, 682, 1395 ],
    [ 23, 32, 40, 64, 67, 224 ],
    [ 23, 32, 88, 227, 336, 704 ],
    [ 23, 32, 240, 563, 856, 1712 ],
    [ 23, 38, 95, 95, 226, 475 ],
    [ 23, 40, 120, 299, 440, 920 ],
    [ 23, 41, 184, 246, 451, 943 ],
    [ 23, 44, 60, 227, 352, 704 ],
    [ 23, 49, 60, 200, 330, 660 ],
    [ 23, 56, 360, 851, 1288, 2576 ],
    [ 23, 57, 57, 190, 302, 627 ],
    [ 23, 57, 133, 266, 454, 931 ],
    [ 23, 59, 64, 224, 304, 672 ],
    [ 23, 61, 64, 73, 98, 317 ],
    [ 23, 82, 389, 492, 984, 1968 ],
    [ 23, 87, 145, 161, 253, 667 ],
    [ 23, 96, 368, 851, 1240, 2576 ],
    [ 23, 112, 752, 1747, 2632, 5264 ],
    [ 23, 116, 502, 753, 1369, 2761 ],
    [ 23, 118, 138, 413, 667, 1357 ],
    [ 23, 124, 599, 1364, 2108, 4216 ],
    [ 23, 145, 173, 180, 374, 893 ],
    [ 23, 160, 440, 1219, 1840, 3680 ],
    [ 23, 160, 880, 1219, 1400, 3680 ],
    [ 23, 171, 912, 2185, 3266, 6555 ],
    [ 23, 173, 201, 395, 617, 1407 ],
    [ 23, 177, 197, 590, 962, 1947 ],
    [ 23, 240, 1280, 3059, 4600, 9200 ],
    [ 23, 244, 793, 1058, 2093, 4209 ],
    [ 23, 280, 920, 2139, 3080, 6440 ],
    [ 23, 285, 893, 2090, 3266, 6555 ],
    [ 23, 292, 647, 981, 1294, 3235 ],
    [ 23, 305, 976, 1302, 2581, 5185 ],
    [ 23, 342, 2109, 4921, 7370, 14763 ],
    [ 23, 372, 1219, 2852, 4092, 8556 ],
    [ 23, 397, 1275, 1693, 3386, 6772 ],
    [ 23, 480, 2960, 6899, 10360, 20720 ],
    [ 23, 560, 1760, 4099, 5880, 12320 ],
    [ 23, 607, 1905, 4459, 6992, 13984 ],
    [ 23, 641, 3949, 9222, 13833, 27666 ],
    [ 23, 744, 2335, 5456, 7812, 16368 ],
    [ 23, 859, 2703, 6307, 9031, 18921 ],
    [ 24, 25, 40, 125, 188, 400 ],
    [ 24, 25, 43, 60, 90, 240 ],
    [ 24, 25, 55, 60, 138, 300 ],
    [ 24, 25, 115, 150, 288, 600 ],
    [ 24, 25, 209, 488, 744, 1488 ],
    [ 24, 25, 232, 533, 812, 1624 ],
    [ 24, 25, 257, 608, 912, 1824 ],
    [ 24, 27, 27, 64, 76, 216 ],
    [ 24, 27, 40, 71, 80, 240 ],
    [ 24, 27, 48, 79, 88, 264 ],
    [ 24, 30, 31, 37, 96, 216 ],
    [ 24, 30, 31, 112, 165, 360 ],
    [ 24, 31, 75, 225, 322, 675 ],
    [ 24, 33, 34, 60, 115, 264 ],
    [ 24, 34, 52, 91, 165, 364 ],
    [ 24, 35, 200, 455, 688, 1400 ],
    [ 24, 35, 235, 560, 828, 1680 ],
    [ 24, 36, 58, 87, 145, 348 ],
    [ 24, 37, 55, 228, 342, 684 ],
    [ 24, 37, 208, 473, 716, 1456 ],
    [ 24, 37, 245, 584, 864, 1752 ],
    [ 24, 38, 111, 304, 437, 912 ],
    [ 24, 40, 57, 141, 220, 480 ],
    [ 24, 40, 63, 147, 232, 504 ],
    [ 24, 40, 75, 175, 288, 600 ],
    [ 24, 40, 87, 211, 360, 720 ],
    [ 24, 40, 93, 217, 372, 744 ],
    [ 24, 43, 59, 112, 124, 360 ],
    [ 24, 43, 114, 122, 179, 480 ],
    [ 24, 45, 61, 232, 360, 720 ],
    [ 24, 45, 122, 232, 299, 720 ],
    [ 24, 47, 61, 65, 134, 329 ],
    [ 24, 49, 189, 496, 756, 1512 ],
    [ 24, 49, 329, 776, 1176, 2352 ],
    [ 24, 51, 67, 128, 140, 408 ],
    [ 24, 51, 88, 247, 384, 792 ],
    [ 24, 53, 92, 167, 310, 644 ],
    [ 24, 58, 129, 336, 487, 1032 ],
    [ 24, 59, 100, 169, 350, 700 ],
    [ 24, 61, 90, 232, 315, 720 ],
    [ 24, 65, 368, 845, 1300, 2600 ],
    [ 24, 67, 255, 688, 1032, 2064 ],
    [ 24, 70, 91, 272, 385, 840 ],
    [ 24, 70, 109, 126, 303, 630 ],
    [ 24, 70, 159, 204, 385, 840 ],
    [ 24, 70, 204, 261, 487, 1044 ],
    [ 24, 75, 136, 175, 192, 600 ],
    [ 24, 80, 87, 211, 320, 720 ],
    [ 24, 80, 93, 217, 332, 744 ],
    [ 24, 82, 189, 252, 463, 1008 ],
    [ 24, 84, 105, 133, 160, 504 ],
    [ 24, 87, 160, 211, 240, 720 ],
    [ 24, 94, 145, 174, 435, 870 ],
    [ 24, 95, 140, 175, 408, 840 ],
    [ 24, 105, 126, 175, 202, 630 ],
    [ 24, 108, 130, 195, 325, 780 ],
    [ 24, 125, 188, 229, 540, 1104 ],
    [ 24, 179, 260, 331, 792, 1584 ],
    [ 25, 25, 36, 84, 132, 300 ],
    [ 25, 28, 75, 224, 350, 700 ],
    [ 25, 28, 250, 574, 875, 1750 ],
    [ 25, 29, 100, 275, 398, 825 ],
    [ 25, 30, 31, 36, 60, 180 ],
    [ 25, 30, 91, 96, 240, 480 ],
    [ 25, 30, 144, 250, 303, 750 ],
    [ 25, 32, 44, 77, 176, 352 ],
    [ 25, 32, 124, 333, 512, 1024 ],
    [ 25, 33, 45, 60, 64, 225 ],
    [ 25, 34, 60, 100, 183, 400 ],
    [ 25, 35, 39, 40, 98, 235 ],
    [ 25, 35, 238, 329, 600, 1225 ],
    [ 25, 35, 243, 324, 590, 1215 ],
    [ 25, 35, 313, 429, 800, 1600 ],
    [ 25, 36, 175, 216, 450, 900 ],
    [ 25, 36, 175, 234, 432, 900 ],
    [ 25, 37, 166, 249, 438, 913 ],
    [ 25, 39, 129, 159, 325, 675 ],
    [ 25, 40, 54, 180, 243, 540 ],
    [ 25, 44, 66, 197, 286, 616 ],
    [ 25, 44, 308, 725, 1100, 2200 ],
    [ 25, 45, 76, 81, 180, 405 ],
    [ 25, 47, 56, 98, 224, 448 ],
    [ 25, 49, 165, 400, 588, 1225 ],
    [ 25, 49, 259, 588, 894, 1813 ],
    [ 25, 49, 357, 833, 1237, 2499 ],
    [ 25, 53, 325, 424, 500, 1325 ],
    [ 25, 54, 90, 103, 270, 540 ],
    [ 25, 58, 218, 355, 629, 1283 ],
    [ 25, 59, 290, 395, 708, 1475 ],
    [ 25, 63, 84, 105, 250, 525 ],
    [ 25, 63, 189, 525, 775, 1575 ],
    [ 25, 64, 298, 447, 807, 1639 ],
    [ 25, 85, 488, 679, 1250, 2525 ],
    [ 25, 88, 110, 154, 175, 550 ],
    [ 25, 88, 264, 725, 1100, 2200 ],
    [ 25, 88, 528, 725, 836, 2200 ],
    [ 25, 90, 103, 108, 216, 540 ],
    [ 25, 90, 113, 113, 226, 565 ],
    [ 25, 99, 145, 290, 458, 1015 ],
    [ 25, 105, 231, 231, 565, 1155 ],
    [ 25, 123, 137, 209, 467, 959 ],
    [ 25, 133, 491, 1161, 1808, 3616 ],
    [ 25, 134, 446, 603, 603, 1809 ],
    [ 25, 144, 175, 180, 378, 900 ],
    [ 25, 149, 180, 185, 388, 925 ],
    [ 25, 154, 550, 1275, 1848, 3850 ],
    [ 25, 155, 229, 560, 738, 1705 ],
    [ 25, 160, 389, 595, 778, 1945 ],
    [ 25, 173, 195, 584, 950, 1925 ],
    [ 25, 176, 572, 1517, 2288, 4576 ],
    [ 25, 176, 1144, 1517, 1716, 4576 ],
    [ 25, 180, 391, 396, 990, 1980 ],
    [ 25, 204, 725, 1700, 2448, 5100 ],
    [ 25, 205, 228, 684, 1140, 2280 ],
    [ 25, 205, 304, 760, 988, 2280 ],
    [ 25, 205, 456, 456, 1140, 2280 ],
    [ 25, 205, 456, 684, 912, 2280 ],
    [ 25, 220, 704, 1165, 1408, 3520 ],
    [ 25, 272, 929, 2176, 3128, 6528 ],
    [ 25, 294, 1533, 3675, 5500, 11025 ],
    [ 25, 314, 829, 1009, 1166, 3341 ],
    [ 25, 315, 1953, 2604, 4870, 9765 ],
    [ 25, 318, 1385, 1749, 2090, 5565 ],
    [ 25, 320, 1029, 1715, 2058, 5145 ],
    [ 25, 378, 1575, 3549, 5500, 11025 ],
    [ 25, 419, 2183, 5225, 7850, 15700 ],
    [ 25, 462, 567, 2079, 3106, 6237 ],
    [ 25, 473, 766, 1013, 1802, 4077 ],
    [ 25, 590, 3653, 4879, 9145, 18290 ],
    [ 25, 665, 4128, 5504, 10320, 20640 ],
    [ 25, 687, 842, 3079, 4631, 9262 ],
    [ 25, 703, 2925, 6599, 10250, 20500 ],
    [ 25, 912, 1117, 4104, 6156, 12312 ],
    [ 26, 27, 32, 34, 45, 162 ],
    [ 26, 29, 39, 116, 169, 377 ],
    [ 26, 29, 91, 233, 351, 728 ],
    [ 26, 30, 65, 91, 180, 390 ],
    [ 26, 31, 33, 143, 198, 429 ],
    [ 26, 31, 38, 186, 279, 558 ],
    [ 26, 33, 65, 122, 211, 455 ],
    [ 26, 33, 132, 220, 383, 792 ],
    [ 26, 33, 176, 440, 647, 1320 ],
    [ 26, 34, 45, 135, 212, 450 ],
    [ 26, 35, 175, 221, 455, 910 ],
    [ 26, 35, 175, 234, 442, 910 ],
    [ 26, 37, 47, 169, 230, 507 ],
    [ 26, 43, 47, 101, 114, 329 ],
    [ 26, 44, 88, 143, 273, 572 ],
    [ 26, 50, 270, 331, 675, 1350 ],
    [ 26, 51, 212, 274, 561, 1122 ],
    [ 26, 55, 182, 467, 728, 1456 ],
    [ 26, 55, 264, 660, 977, 1980 ],
    [ 26, 55, 364, 467, 546, 1456 ],
    [ 26, 56, 182, 221, 427, 910 ],
    [ 26, 66, 77, 308, 449, 924 ],
    [ 26, 66, 99, 253, 416, 858 ],
    [ 26, 66, 154, 231, 449, 924 ],
    [ 26, 68, 91, 272, 429, 884 ],
    [ 26, 69, 253, 413, 506, 1265 ],
    [ 26, 69, 299, 689, 1012, 2093 ],
    [ 26, 70, 140, 221, 455, 910 ],
    [ 26, 70, 221, 280, 315, 910 ],
    [ 26, 88, 209, 528, 823, 1672 ],
    [ 26, 88, 297, 792, 1175, 2376 ],
    [ 26, 89, 311, 733, 1131, 2288 ],
    [ 26, 89, 400, 1000, 1487, 3000 ],
    [ 26, 92, 219, 322, 631, 1288 ],
    [ 26, 95, 344, 582, 1045, 2090 ],
    [ 26, 99, 330, 550, 977, 1980 ],
    [ 26, 101, 336, 448, 883, 1792 ],
    [ 26, 107, 273, 428, 559, 1391 ],
    [ 26, 110, 347, 962, 1443, 2886 ],
    [ 26, 118, 271, 413, 826, 1652 ],
    [ 26, 118, 413, 542, 555, 1652 ],
    [ 26, 128, 151, 209, 243, 755 ],
    [ 26, 129, 293, 433, 446, 1325 ],
    [ 26, 138, 391, 689, 851, 2093 ],
    [ 26, 143, 501, 668, 835, 2171 ],
    [ 26, 153, 365, 529, 542, 1613 ],
    [ 26, 153, 518, 682, 1377, 2754 ],
    [ 26, 165, 539, 715, 1417, 2860 ],
    [ 26, 165, 704, 1760, 2627, 5280 ],
    [ 26, 166, 391, 996, 1577, 3154 ],
    [ 26, 166, 557, 1494, 2241, 4482 ],
    [ 26, 176, 572, 671, 1417, 2860 ],
    [ 26, 207, 230, 689, 943, 2093 ],
    [ 26, 219, 1187, 2834, 4264, 8528 ],
    [ 26, 269, 877, 1157, 2327, 4654 ],
    [ 26, 306, 988, 1165, 2483, 4966 ],
    [ 26, 347, 1484, 3710, 5565, 11130 ],
    [ 26, 367, 1586, 3587, 5564, 11128 ],
    [ 26, 550, 897, 2392, 3313, 7176 ],
    [ 27, 28, 34, 49, 87, 223 ],
    [ 27, 28, 180, 411, 616, 1260 ],
    [ 27, 28, 234, 546, 805, 1638 ],
    [ 27, 31, 36, 63, 124, 279 ],
    [ 27, 31, 243, 567, 835, 1701 ],
    [ 27, 32, 48, 151, 224, 480 ],
    [ 27, 32, 112, 279, 416, 864 ],
    [ 27, 36, 52, 147, 208, 468 ],
    [ 27, 37, 234, 555, 814, 1665 ],
    [ 27, 39, 64, 256, 384, 768 ],
    [ 27, 39, 115, 243, 307, 729 ],
    [ 27, 39, 119, 247, 311, 741 ],
    [ 27, 39, 128, 256, 320, 768 ],
    [ 27, 39, 192, 256, 256, 768 ],
    [ 27, 40, 84, 271, 420, 840 ],
    [ 27, 43, 229, 297, 594, 1188 ],
    [ 27, 45, 253, 366, 436, 1125 ],
    [ 27, 48, 96, 151, 160, 480 ],
    [ 27, 49, 269, 343, 686, 1372 ],
    [ 27, 62, 379, 526, 965, 1957 ],
    [ 27, 64, 96, 247, 336, 768 ],
    [ 27, 64, 96, 279, 400, 864 ],
    [ 27, 64, 208, 567, 864, 1728 ],
    [ 27, 64, 288, 663, 976, 2016 ],
    [ 27, 64, 416, 567, 656, 1728 ],
    [ 27, 67, 99, 288, 412, 891 ],
    [ 27, 67, 324, 441, 790, 1647 ],
    [ 27, 69, 253, 598, 918, 1863 ],
    [ 27, 72, 79, 201, 298, 675 ],
    [ 27, 73, 73, 171, 315, 657 ],
    [ 27, 74, 419, 962, 1480, 2960 ],
    [ 27, 79, 92, 98, 101, 395 ],
    [ 27, 82, 147, 156, 205, 615 ],
    [ 27, 85, 88, 198, 396, 792 ],
    [ 27, 85, 378, 891, 1294, 2673 ],
    [ 27, 88, 129, 396, 550, 1188 ],
    [ 27, 112, 432, 999, 1456, 3024 ],
    [ 27, 114, 333, 415, 472, 1359 ],
    [ 27, 115, 391, 920, 1424, 2875 ],
    [ 27, 142, 237, 781, 1158, 2343 ],
    [ 27, 144, 160, 471, 640, 1440 ],
    [ 27, 148, 567, 1332, 1924, 3996 ],
    [ 27, 198, 223, 669, 892, 2007 ],
    [ 27, 223, 487, 983, 1718, 3436 ],
    [ 27, 256, 288, 855, 1168, 2592 ],
    [ 27, 267, 607, 1504, 2136, 4539 ],
    [ 27, 292, 1241, 1558, 3089, 6205 ],
    [ 27, 315, 1333, 1986, 2326, 5985 ],
    [ 27, 319, 1349, 1693, 3386, 6772 ],
    [ 27, 355, 396, 1197, 1618, 3591 ],
    [ 27, 423, 1792, 2688, 3136, 8064 ],
    [ 27, 457, 1467, 3414, 4906, 10269 ],
    [ 27, 546, 869, 1465, 2036, 4941 ],
    [ 27, 592, 1899, 4440, 6364, 13320 ],
    [ 28, 29, 48, 103, 158, 364 ],
    [ 28, 31, 40, 63, 120, 280 ],
    [ 28, 31, 112, 279, 420, 868 ],
    [ 28, 33, 260, 605, 924, 1848 ],
    [ 28, 33, 326, 770, 1155, 2310 ],
    [ 28, 37, 72, 81, 108, 324 ],
    [ 28, 38, 95, 126, 247, 532 ],
    [ 28, 41, 227, 294, 588, 1176 ],
    [ 28, 42, 46, 91, 159, 364 ],
    [ 28, 42, 54, 81, 175, 378 ],
    [ 28, 45, 64, 135, 270, 540 ],
    [ 28, 45, 154, 405, 630, 1260 ],
    [ 28, 45, 308, 405, 476, 1260 ],
    [ 28, 46, 119, 308, 453, 952 ],
    [ 28, 49, 60, 105, 180, 420 ],
    [ 28, 49, 88, 189, 264, 616 ],
    [ 28, 50, 75, 224, 325, 700 ],
    [ 28, 64, 90, 135, 225, 540 ],
    [ 28, 64, 135, 135, 180, 540 ],
    [ 28, 75, 550, 1274, 1925, 3850 ],
    [ 28, 77, 103, 206, 309, 721 ],
    [ 28, 82, 350, 417, 875, 1750 ],
    [ 28, 87, 238, 377, 490, 1218 ],
    [ 28, 93, 236, 589, 916, 1860 ],
    [ 28, 102, 280, 357, 663, 1428 ],
    [ 28, 110, 243, 405, 674, 1458 ],
    [ 28, 139, 493, 658, 1288, 2604 ],
    [ 28, 149, 376, 953, 1504, 3008 ],
    [ 28, 161, 180, 277, 644, 1288 ],
    [ 28, 161, 180, 367, 554, 1288 ],
    [ 28, 166, 574, 683, 1449, 2898 ],
    [ 28, 178, 305, 406, 737, 1652 ],
    [ 28, 180, 277, 322, 483, 1288 ],
    [ 28, 199, 924, 2099, 3248, 6496 ],
    [ 28, 199, 1322, 3094, 4641, 9282 ],
    [ 28, 245, 284, 581, 852, 1988 ],
    [ 28, 270, 469, 1260, 1755, 3780 ],
    [ 28, 298, 525, 1400, 1951, 4200 ],
    [ 29, 29, 32, 144, 232, 464 ],
    [ 29, 32, 58, 144, 203, 464 ],
    [ 29, 32, 116, 144, 145, 464 ],
    [ 29, 32, 261, 608, 928, 1856 ],
    [ 29, 33, 116, 319, 462, 957 ],
    [ 29, 33, 203, 464, 694, 1421 ],
    [ 29, 35, 215, 490, 738, 1505 ],
    [ 29, 36, 49, 56, 84, 252 ],
    [ 29, 37, 48, 56, 120, 288 ],
    [ 29, 38, 202, 303, 541, 1111 ],
    [ 29, 42, 43, 182, 294, 588 ],
    [ 29, 50, 56, 70, 147, 350 ],
    [ 29, 51, 58, 136, 221, 493 ],
    [ 29, 52, 182, 493, 754, 1508 ],
    [ 29, 52, 364, 493, 572, 1508 ],
    [ 29, 55, 66, 89, 148, 385 ],
    [ 29, 64, 389, 896, 1376, 2752 ],
    [ 29, 65, 91, 272, 390, 845 ],
    [ 29, 65, 487, 1158, 1737, 3474 ],
    [ 29, 65, 552, 1288, 1932, 3864 ],
    [ 29, 70, 425, 1015, 1508, 3045 ],
    [ 29, 71, 517, 713, 1328, 2656 ],
    [ 29, 76, 79, 91, 122, 395 ],
    [ 29, 90, 145, 405, 638, 1305 ],
    [ 29, 90, 435, 985, 1508, 3045 ],
    [ 29, 91, 377, 870, 1274, 2639 ],
    [ 29, 94, 269, 417, 538, 1345 ],
    [ 29, 99, 599, 1421, 2146, 4292 ],
    [ 29, 104, 156, 545, 832, 1664 ],
    [ 29, 104, 416, 961, 1404, 2912 ],
    [ 29, 106, 397, 477, 1007, 2014 ],
    [ 29, 120, 493, 1160, 1680, 3480 ],
    [ 29, 125, 700, 975, 1798, 3625 ],
    [ 29, 131, 201, 359, 689, 1407 ],
    [ 29, 156, 208, 545, 728, 1664 ],
    [ 29, 200, 425, 1275, 1898, 3825 ],
    [ 29, 399, 638, 1064, 1729, 3857 ],
    [ 29, 525, 2175, 4900, 7598, 15225 ],
    [ 29, 960, 3973, 8960, 13920, 27840 ],
    [ 29, 1105, 4582, 10323, 16037, 32074 ],
    [ 30, 31, 40, 56, 125, 280 ],
    [ 30, 33, 70, 199, 300, 630 ],
    [ 30, 34, 45, 180, 253, 540 ],
    [ 30, 34, 90, 135, 253, 540 ],
    [ 30, 36, 55, 61, 180, 360 ],
    [ 30, 39, 208, 520, 765, 1560 ],
    [ 30, 41, 41, 110, 190, 410 ],
    [ 30, 43, 59, 65, 165, 360 ],
    [ 30, 46, 85, 96, 255, 510 ],
    [ 30, 46, 110, 161, 345, 690 ],
    [ 30, 46, 161, 220, 235, 690 ],
    [ 30, 50, 94, 125, 203, 500 ],
    [ 30, 52, 81, 270, 379, 810 ],
    [ 30, 52, 143, 364, 557, 1144 ],
    [ 30, 55, 61, 72, 144, 360 ],
    [ 30, 55, 71, 77, 154, 385 ],
    [ 30, 55, 83, 83, 166, 415 ],
    [ 30, 55, 121, 126, 330, 660 ],
    [ 30, 69, 138, 220, 235, 690 ],
    [ 30, 69, 207, 289, 304, 897 ],
    [ 30, 79, 135, 405, 568, 1215 ],
    [ 30, 81, 436, 1090, 1635, 3270 ],
    [ 30, 83, 470, 1079, 1660, 3320 ],
    [ 30, 85, 103, 108, 294, 618 ],
    [ 30, 91, 97, 144, 216, 576 ],
    [ 30, 91, 129, 135, 292, 675 ],
    [ 30, 95, 154, 370, 493, 1140 ],
    [ 30, 97, 97, 138, 222, 582 ],
    [ 30, 104, 299, 364, 765, 1560 ],
    [ 30, 104, 364, 481, 947, 1924 ],
    [ 30, 106, 324, 405, 757, 1620 ],
    [ 30, 111, 139, 417, 556, 1251 ],
    [ 30, 115, 133, 138, 414, 828 ],
    [ 30, 125, 194, 250, 403, 1000 ],
    [ 30, 130, 153, 469, 780, 1560 ],
    [ 30, 138, 165, 175, 184, 690 ],
    [ 30, 143, 710, 1619, 2500, 5000 ],
    [ 30, 153, 250, 459, 640, 1530 ],
    [ 30, 153, 260, 469, 650, 1560 ],
    [ 30, 153, 390, 469, 520, 1560 ],
    [ 30, 164, 574, 751, 1517, 3034 ],
    [ 30, 169, 728, 1820, 2715, 5460 ],
    [ 30, 181, 204, 622, 1035, 2070 ],
    [ 30, 208, 559, 1560, 2325, 4680 ],
    [ 30, 214, 405, 1080, 1513, 3240 ],
    [ 30, 259, 1118, 2780, 4185, 8370 ],
    [ 30, 260, 416, 481, 1155, 2340 ],
    [ 30, 276, 621, 910, 925, 2760 ],
    [ 30, 298, 799, 2220, 3345, 6690 ],
    [ 30, 328, 738, 915, 1681, 3690 ],
    [ 30, 358, 798, 1005, 1831, 4020 ],
    [ 30, 500, 694, 875, 1403, 3500 ],
    [ 30, 500, 806, 931, 2265, 4530 ],
    [ 31, 32, 39, 56, 100, 256 ],
    [ 31, 32, 208, 475, 712, 1456 ],
    [ 31, 36, 45, 63, 142, 315 ],
    [ 31, 38, 237, 304, 608, 1216 ],
    [ 31, 40, 41, 90, 200, 400 ],
    [ 31, 42, 48, 98, 119, 336 ],
    [ 31, 42, 182, 293, 364, 910 ],
    [ 31, 45, 189, 450, 682, 1395 ],
    [ 31, 52, 62, 117, 143, 403 ],
    [ 31, 54, 81, 297, 430, 891 ],
    [ 31, 54, 351, 837, 1240, 2511 ],
    [ 31, 56, 224, 587, 896, 1792 ],
    [ 31, 56, 448, 587, 672, 1792 ],
    [ 31, 62, 65, 78, 169, 403 ],
    [ 31, 76, 313, 418, 760, 1596 ],
    [ 31, 81, 135, 378, 592, 1215 ],
    [ 31, 81, 486, 675, 1240, 2511 ],
    [ 31, 112, 672, 923, 1064, 2800 ],
    [ 31, 127, 651, 1487, 2294, 4588 ],
    [ 31, 166, 277, 913, 1354, 2739 ],
    [ 31, 189, 837, 1890, 2914, 5859 ],
    [ 31, 197, 647, 1068, 1294, 3235 ],
    [ 31, 218, 926, 2315, 3457, 6945 ],
    [ 31, 218, 1389, 1852, 3457, 6945 ],
    [ 31, 311, 1329, 3307, 4976, 9952 ],
    [ 31, 317, 721, 1067, 1067, 3201 ],
    [ 31, 344, 1519, 3440, 5332, 10664 ],
    [ 31, 351, 918, 1647, 2914, 5859 ],
    [ 31, 355, 928, 2593, 3874, 7779 ],
    [ 31, 373, 2381, 3185, 5968, 11936 ],
    [ 31, 432, 675, 1809, 2914, 5859 ],
    [ 31, 433, 1415, 1877, 2339, 6093 ],
    [ 31, 448, 1176, 3275, 4928, 9856 ],
    [ 31, 491, 1589, 2138, 2658, 6905 ],
    [ 32, 33, 44, 91, 198, 396 ],
    [ 32, 33, 44, 107, 182, 396 ],
    [ 32, 33, 124, 165, 176, 528 ],
    [ 32, 35, 35, 56, 124, 280 ],
    [ 32, 35, 48, 191, 304, 608 ],
    [ 32, 37, 37, 88, 104, 296 ],
    [ 32, 39, 152, 403, 624, 1248 ],
    [ 32, 39, 304, 403, 472, 1248 ],
    [ 32, 40, 71, 179, 288, 608 ],
    [ 32, 40, 89, 197, 324, 680 ],
    [ 32, 43, 52, 83, 176, 384 ],
    [ 32, 43, 176, 455, 704, 1408 ],
    [ 32, 43, 352, 455, 528, 1408 ],
    [ 32, 44, 66, 91, 165, 396 ],
    [ 32, 44, 91, 99, 132, 396 ],
    [ 32, 45, 49, 72, 164, 360 ],
    [ 32, 49, 140, 357, 544, 1120 ],
    [ 32, 49, 329, 784, 1160, 2352 ],
    [ 32, 55, 184, 483, 752, 1504 ],
    [ 32, 59, 59, 88, 236, 472 ],
    [ 32, 59, 88, 118, 177, 472 ],
    [ 32, 61, 65, 104, 260, 520 ],
    [ 32, 61, 104, 130, 195, 520 ],
    [ 32, 63, 112, 315, 488, 1008 ],
    [ 32, 63, 170, 178, 441, 882 ],
    [ 32, 63, 336, 763, 1160, 2352 ],
    [ 32, 65, 104, 122, 199, 520 ],
    [ 32, 67, 208, 335, 432, 1072 ],
    [ 32, 69, 461, 1088, 1648, 3296 ],
    [ 32, 91, 127, 496, 744, 1488 ],
    [ 32, 95, 234, 686, 1045, 2090 ],
    [ 32, 115, 608, 1391, 2144, 4288 ],
    [ 32, 119, 208, 595, 952, 1904 ],
    [ 32, 147, 336, 847, 1328, 2688 ],
    [ 32, 147, 672, 1519, 2336, 4704 ],
    [ 32, 155, 704, 1591, 2448, 4928 ],
    [ 32, 168, 231, 595, 992, 2016 ],
    [ 32, 168, 273, 637, 1076, 2184 ],
    [ 32, 187, 432, 1079, 1696, 3424 ],
    [ 32, 193, 920, 1173, 1396, 3712 ],
    [ 32, 200, 271, 699, 1168, 2368 ],
    [ 32, 200, 329, 757, 1284, 2600 ],
    [ 32, 267, 1216, 2759, 4272, 8544 ],
    [ 32, 268, 313, 611, 954, 2176 ],
    [ 32, 275, 624, 1583, 2512, 5024 ],
    [ 32, 283, 328, 671, 984, 2296 ],
    [ 32, 307, 1408, 3183, 4928, 9856 ],
    [ 32, 328, 373, 761, 1164, 2656 ],
    [ 32, 328, 455, 1171, 1984, 3968 ],
    [ 32, 328, 529, 1245, 2132, 4264 ],
    [ 32, 328, 537, 1253, 2148, 4296 ],
    [ 33, 33, 40, 56, 104, 264 ],
    [ 33, 37, 165, 396, 592, 1221 ],
    [ 33, 40, 48, 165, 244, 528 ],
    [ 33, 40, 60, 229, 360, 720 ],
    [ 33, 40, 72, 253, 396, 792 ],
    [ 33, 40, 160, 429, 660, 1320 ],
    [ 33, 40, 320, 429, 500, 1320 ],
    [ 33, 42, 99, 151, 172, 495 ],
    [ 33, 45, 115, 150, 154, 495 ],
    [ 33, 47, 374, 857, 1309, 2618 ],
    [ 33, 52, 247, 330, 627, 1287 ],
    [ 33, 58, 87, 319, 462, 957 ],
    [ 33, 58, 319, 725, 1100, 2233 ],
    [ 33, 59, 67, 107, 197, 461 ],
    [ 33, 60, 80, 229, 320, 720 ],
    [ 33, 60, 160, 229, 240, 720 ],
    [ 33, 70, 330, 759, 1120, 2310 ],
    [ 33, 72, 80, 253, 356, 792 ],
    [ 33, 72, 184, 541, 828, 1656 ],
    [ 33, 80, 130, 319, 430, 990 ],
    [ 33, 85, 126, 451, 693, 1386 ],
    [ 33, 88, 102, 153, 187, 561 ],
    [ 33, 91, 182, 242, 455, 1001 ],
    [ 33, 92, 429, 1012, 1472, 3036 ],
    [ 33, 105, 544, 816, 952, 2448 ],
    [ 33, 111, 313, 766, 1110, 2331 ],
    [ 33, 117, 526, 1315, 1956, 3945 ],
    [ 33, 133, 552, 747, 1330, 2793 ],
    [ 33, 180, 220, 649, 900, 1980 ],
    [ 33, 331, 722, 1804, 2557, 5445 ],
    [ 33, 360, 400, 1189, 1620, 3600 ],
    [ 33, 455, 1001, 1243, 2275, 5005 ],
    [ 33, 488, 1067, 1342, 2440, 5368 ],
    [ 33, 649, 1422, 2133, 3586, 7821 ],
    [ 34, 35, 92, 226, 385, 770 ],
    [ 34, 37, 153, 407, 629, 1258 ],
    [ 34, 37, 306, 407, 476, 1258 ],
    [ 34, 38, 119, 306, 457, 952 ],
    [ 34, 40, 125, 320, 483, 1000 ],
    [ 34, 45, 90, 210, 343, 720 ],
    [ 34, 45, 195, 255, 493, 1020 ],
    [ 34, 48, 204, 243, 493, 1020 ],
    [ 34, 50, 139, 221, 442, 884 ],
    [ 34, 50, 221, 278, 303, 884 ],
    [ 34, 54, 85, 135, 153, 459 ],
    [ 34, 58, 69, 215, 305, 679 ],
    [ 34, 59, 419, 986, 1496, 2992 ],
    [ 34, 60, 195, 240, 493, 1020 ],
    [ 34, 60, 240, 315, 613, 1260 ],
    [ 34, 63, 134, 212, 441, 882 ],
    [ 34, 74, 227, 592, 925, 1850 ],
    [ 34, 80, 245, 680, 1003, 2040 ],
    [ 34, 82, 340, 413, 867, 1734 ],
    [ 34, 92, 169, 552, 811, 1656 ],
    [ 34, 93, 589, 1394, 2108, 4216 ],
    [ 34, 94, 376, 485, 987, 1974 ],
    [ 34, 103, 143, 151, 326, 755 ],
    [ 34, 105, 255, 645, 1003, 2040 ],
    [ 34, 105, 510, 1155, 1768, 3570 ],
    [ 34, 109, 389, 637, 778, 1945 ],
    [ 34, 114, 347, 952, 1445, 2890 ],
    [ 34, 120, 405, 540, 1063, 2160 ],
    [ 34, 124, 233, 310, 665, 1364 ],
    [ 34, 175, 302, 716, 1225, 2450 ],
    [ 34, 217, 403, 867, 1116, 2635 ],
    [ 34, 248, 341, 867, 1147, 2635 ],
    [ 34, 255, 360, 900, 1513, 3060 ],
    [ 34, 271, 638, 973, 1643, 3557 ],
    [ 34, 297, 688, 1703, 2423, 5143 ],
    [ 34, 300, 960, 1275, 2533, 5100 ],
    [ 34, 303, 1037, 1372, 2441, 5185 ],
    [ 34, 360, 765, 1920, 3043, 6120 ],
    [ 34, 367, 830, 2091, 2953, 6273 ],
    [ 34, 470, 1504, 1989, 3995, 7990 ],
    [ 34, 493, 700, 1750, 2975, 5950 ],
    [ 34, 542, 1451, 2599, 4624, 9248 ],
    [ 34, 666, 1411, 3552, 5661, 11322 ],
    [ 35, 38, 70, 209, 315, 665 ],
    [ 35, 38, 105, 209, 280, 665 ],
    [ 35, 47, 238, 318, 589, 1225 ],
    [ 35, 48, 71, 256, 408, 816 ],
    [ 35, 49, 82, 123, 287, 574 ],
    [ 35, 49, 82, 164, 246, 574 ],
    [ 35, 53, 170, 424, 645, 1325 ],
    [ 35, 64, 160, 415, 608, 1280 ],
    [ 35, 64, 320, 735, 1088, 2240 ],
    [ 35, 73, 90, 119, 315, 630 ],
    [ 35, 79, 85, 280, 398, 875 ],
    [ 35, 87, 563, 1331, 2014, 4028 ],
    [ 35, 93, 341, 806, 1238, 2511 ],
    [ 35, 93, 465, 1054, 1610, 3255 ],
    [ 35, 115, 329, 510, 658, 1645 ],
    [ 35, 126, 283, 566, 973, 1981 ],
    [ 35, 170, 673, 909, 1615, 3400 ],
    [ 35, 192, 1088, 2591, 3904, 7808 ],
    [ 35, 193, 970, 2199, 3395, 6790 ],
    [ 35, 207, 784, 1057, 1874, 3955 ],
    [ 35, 229, 425, 1145, 1603, 3435 ],
    [ 35, 250, 1343, 1874, 3465, 6965 ],
    [ 35, 295, 361, 361, 755, 1805 ],
    [ 35, 318, 700, 1749, 2765, 5565 ],
    [ 35, 384, 1280, 2975, 4288, 8960 ],
    [ 35, 448, 704, 1631, 2112, 4928 ],
    [ 35, 458, 1995, 2519, 3010, 8015 ],
    [ 35, 477, 1018, 2544, 4037, 8109 ],
    [ 35, 558, 2325, 5239, 8120, 16275 ],
    [ 35, 613, 1323, 3290, 4646, 9905 ],
    [ 35, 623, 984, 2296, 2952, 6888 ],
    [ 35, 640, 1664, 2975, 3648, 8960 ],
    [ 35, 687, 2911, 3664, 4384, 11679 ],
    [ 35, 757, 1613, 4049, 6452, 12904 ],
    [ 35, 757, 3226, 4049, 4839, 12904 ],
    [ 35, 896, 1152, 2975, 3904, 8960 ],
    [ 35, 920, 2399, 4305, 5258, 12915 ],
    [ 35, 1013, 4215, 9509, 14770, 29540 ],
    [ 35, 1246, 1607, 4165, 5444, 12495 ],
    [ 36, 40, 45, 81, 160, 360 ],
    [ 36, 45, 64, 177, 256, 576 ],
    [ 36, 48, 70, 117, 199, 468 ],
    [ 36, 61, 283, 378, 720, 1476 ],
    [ 36, 67, 109, 192, 210, 612 ],
    [ 36, 69, 94, 264, 367, 828 ],
    [ 36, 100, 125, 241, 500, 1000 ],
    [ 36, 100, 125, 259, 482, 1000 ],
    [ 36, 100, 241, 250, 375, 1000 ],
    [ 36, 118, 261, 708, 1003, 2124 ],
    [ 36, 124, 135, 327, 496, 1116 ],
    [ 36, 130, 297, 792, 1123, 2376 ],
    [ 36, 150, 441, 550, 625, 1800 ],
    [ 36, 152, 203, 389, 626, 1404 ],
    [ 36, 157, 1074, 2494, 3759, 7518 ],
    [ 36, 168, 202, 303, 505, 1212 ],
    [ 36, 181, 210, 223, 648, 1296 ],
    [ 36, 186, 567, 694, 787, 2268 ],
    [ 36, 250, 300, 441, 775, 1800 ],
    [ 36, 282, 307, 1210, 1833, 3666 ],
    [ 36, 286, 336, 513, 883, 2052 ],
    [ 36, 304, 431, 617, 1386, 2772 ],
    [ 37, 37, 40, 56, 128, 296 ],
    [ 37, 41, 296, 407, 738, 1517 ],
    [ 37, 43, 157, 195, 393, 823 ],
    [ 37, 45, 324, 447, 814, 1665 ],
    [ 37, 56, 104, 249, 340, 784 ],
    [ 37, 61, 227, 358, 454, 1135 ],
    [ 37, 68, 238, 407, 510, 1258 ],
    [ 37, 77, 407, 924, 1406, 2849 ],
    [ 37, 78, 407, 962, 1404, 2886 ],
    [ 37, 79, 85, 199, 319, 717 ],
    [ 37, 99, 594, 1419, 2110, 4257 ],
    [ 37, 102, 136, 407, 578, 1258 ],
    [ 37, 136, 816, 1937, 2924, 5848 ],
    [ 37, 165, 264, 297, 724, 1485 ],
    [ 37, 198, 429, 1287, 1912, 3861 ],
    [ 37, 206, 721, 962, 1887, 3811 ],
    [ 37, 230, 322, 379, 966, 1932 ],
    [ 37, 241, 791, 1067, 1067, 3201 ],
    [ 37, 257, 472, 1271, 1778, 3813 ],
    [ 37, 297, 1287, 2904, 4486, 9009 ],
    [ 37, 495, 2574, 3597, 6664, 13365 ],
    [ 37, 544, 1156, 2889, 4080, 8704 ],
    [ 37, 693, 3564, 8547, 12802, 25641 ],
    [ 37, 803, 1711, 4295, 6041, 12885 ],
    [ 37, 952, 4896, 11729, 17612, 35224 ],
    [ 37, 1013, 5275, 7371, 13694, 27388 ],
    [ 37, 1433, 7375, 17686, 26529, 53058 ],
    [ 38, 42, 190, 247, 473, 988 ],
    [ 38, 44, 45, 103, 125, 353 ],
    [ 38, 50, 239, 650, 975, 1950 ],
    [ 38, 55, 60, 209, 305, 665 ],
    [ 38, 61, 133, 399, 568, 1197 ],
    [ 38, 66, 304, 373, 779, 1558 ],
    [ 38, 68, 255, 340, 661, 1360 ],
    [ 38, 71, 151, 239, 258, 755 ],
    [ 38, 79, 494, 1139, 1748, 3496 ],
    [ 38, 105, 140, 175, 209, 665 ],
    [ 38, 113, 517, 702, 1255, 2623 ],
    [ 38, 118, 285, 760, 1081, 2280 ],
    [ 38, 125, 202, 262, 625, 1250 ],
    [ 38, 136, 204, 357, 695, 1428 ],
    [ 38, 136, 323, 816, 1273, 2584 ],
    [ 38, 142, 532, 639, 1349, 2698 ],
    [ 38, 153, 204, 544, 899, 1836 ],
    [ 38, 172, 567, 945, 1682, 3402 ],
    [ 38, 212, 318, 547, 1113, 2226 ],
    [ 38, 250, 589, 1500, 2375, 4750 ],
    [ 38, 285, 428, 535, 749, 2033 ],
    [ 38, 286, 947, 1591, 2860, 5720 ],
    [ 38, 323, 408, 544, 1273, 2584 ],
    [ 38, 357, 1887, 4522, 6764, 13566 ],
    [ 38, 589, 750, 1000, 2375, 4750 ],
    [ 38, 737, 3901, 9348, 14022, 28044 ],
    [ 39, 42, 65, 181, 260, 585 ],
    [ 39, 42, 130, 181, 195, 585 ],
    [ 39, 43, 52, 169, 258, 559 ],
    [ 39, 43, 91, 260, 388, 819 ],
    [ 39, 44, 359, 836, 1276, 2552 ],
    [ 39, 48, 64, 195, 280, 624 ],
    [ 39, 49, 165, 288, 490, 1029 ],
    [ 39, 51, 163, 225, 238, 714 ],
    [ 39, 54, 61, 81, 172, 405 ],
    [ 39, 55, 403, 935, 1430, 2860 ],
    [ 39, 56, 117, 364, 518, 1092 ],
    [ 39, 56, 312, 715, 1064, 2184 ],
    [ 39, 63, 337, 811, 1248, 2496 ],
    [ 39, 64, 72, 96, 115, 384 ],
    [ 39, 65, 68, 272, 442, 884 ],
    [ 39, 81, 91, 337, 546, 1092 ],
    [ 39, 81, 169, 324, 442, 1053 ],
    [ 39, 81, 182, 337, 455, 1092 ],
    [ 39, 81, 273, 337, 364, 1092 ],
    [ 39, 90, 209, 373, 500, 1209 ],
    [ 39, 100, 175, 195, 468, 975 ],
    [ 39, 107, 143, 428, 676, 1391 ],
    [ 39, 109, 218, 364, 689, 1417 ],
    [ 39, 133, 375, 918, 1330, 2793 ],
    [ 39, 141, 493, 1162, 1794, 3627 ],
    [ 39, 147, 208, 637, 882, 1911 ],
    [ 39, 172, 455, 701, 910, 2275 ],
    [ 39, 245, 1330, 3185, 4758, 9555 ],
    [ 39, 283, 677, 1711, 2708, 5416 ],
    [ 39, 283, 1354, 1711, 2031, 5416 ],
    [ 39, 475, 804, 1059, 1900, 4275 ],
    [ 39, 505, 2747, 6578, 9867, 19734 ],
    [ 39, 627, 910, 2521, 4095, 8190 ],
    [ 40, 47, 47, 56, 188, 376 ],
    [ 40, 47, 56, 94, 141, 376 ],
    [ 40, 47, 64, 86, 149, 384 ],
    [ 40, 63, 88, 315, 504, 1008 ],
    [ 40, 63, 180, 459, 700, 1440 ],
    [ 40, 63, 360, 819, 1240, 2520 ],
    [ 40, 64, 123, 287, 472, 984 ],
    [ 40, 64, 133, 297, 492, 1024 ],
    [ 40, 65, 269, 435, 538, 1345 ],
    [ 40, 73, 480, 1109, 1700, 3400 ],
    [ 40, 74, 185, 480, 703, 1480 ],
    [ 40, 79, 128, 150, 245, 640 ],
    [ 40, 81, 108, 333, 520, 1080 ],
    [ 40, 81, 171, 540, 790, 1620 ],
    [ 40, 85, 264, 425, 548, 1360 ],
    [ 40, 99, 584, 759, 896, 2376 ],
    [ 40, 104, 125, 305, 468, 1040 ],
    [ 40, 104, 135, 315, 488, 1080 ],
    [ 40, 104, 187, 471, 800, 1600 ],
    [ 40, 104, 203, 487, 832, 1664 ],
    [ 40, 104, 213, 497, 852, 1704 ],
    [ 40, 113, 640, 1469, 2260, 4520 ],
    [ 40, 185, 629, 1035, 1258, 3145 ],
    [ 40, 189, 1053, 2520, 3760, 7560 ],
    [ 40, 199, 1103, 2640, 3940, 7920 ],
    [ 40, 255, 859, 1445, 1738, 4335 ],
    [ 40, 259, 1443, 3440, 5180, 10360 ],
    [ 40, 265, 909, 1515, 1818, 4545 ],
    [ 40, 389, 2173, 5200, 7800, 15600 ],
    [ 41, 44, 82, 286, 451, 902 ],
    [ 41, 48, 49, 56, 192, 384 ],
    [ 41, 53, 223, 315, 577, 1207 ],
    [ 41, 55, 82, 99, 176, 451 ],
    [ 41, 56, 320, 733, 1092, 2240 ],
    [ 41, 57, 437, 1025, 1558, 3116 ],
    [ 41, 66, 77, 82, 187, 451 ],
    [ 41, 111, 333, 592, 1034, 2109 ],
    [ 41, 126, 328, 819, 1271, 2583 ],
    [ 41, 132, 154, 203, 528, 1056 ],
    [ 41, 148, 333, 333, 812, 1665 ],
    [ 41, 306, 1339, 1988, 2333, 6005 ],
    [ 41, 380, 2432, 3229, 3648, 9728 ],
    [ 41, 503, 3211, 4295, 4837, 12885 ],
    [ 42, 45, 49, 181, 273, 588 ],
    [ 42, 46, 189, 252, 481, 1008 ],
    [ 42, 47, 88, 154, 287, 616 ],
    [ 42, 53, 315, 721, 1076, 2205 ],
    [ 42, 59, 118, 196, 413, 826 ],
    [ 42, 63, 74, 238, 341, 756 ],
    [ 42, 64, 70, 71, 245, 490 ],
    [ 42, 66, 73, 73, 186, 438 ],
    [ 42, 76, 304, 399, 777, 1596 ],
    [ 42, 78, 97, 97, 270, 582 ],
    [ 42, 111, 281, 541, 692, 1665 ],
    [ 42, 113, 499, 692, 845, 2189 ],
    [ 42, 118, 472, 609, 1239, 2478 ],
    [ 42, 125, 158, 302, 625, 1250 ],
    [ 42, 132, 495, 646, 667, 1980 ],
    [ 42, 139, 516, 1390, 2085, 4170 ],
    [ 42, 190, 836, 1045, 2069, 4180 ],
    [ 42, 205, 813, 1911, 2764, 5733 ],
    [ 42, 259, 438, 1036, 1335, 3108 ],
    [ 42, 274, 313, 938, 1291, 2856 ],
    [ 42, 339, 532, 1483, 2394, 4788 ],
    [ 43, 48, 80, 215, 304, 688 ],
    [ 43, 51, 325, 791, 1208, 2416 ],
    [ 43, 52, 227, 361, 454, 1135 ],
    [ 43, 55, 70, 219, 315, 700 ],
    [ 43, 65, 169, 338, 570, 1183 ],
    [ 43, 78, 195, 585, 856, 1755 ],
    [ 43, 80, 560, 1319, 2000, 4000 ],
    [ 43, 117, 702, 1677, 2494, 5031 ],
    [ 43, 127, 141, 206, 515, 1030 ],
    [ 43, 128, 800, 1095, 1264, 3328 ],
    [ 43, 160, 960, 2279, 3440, 6880 ],
    [ 43, 171, 887, 1140, 1352, 3591 ],
    [ 43, 242, 1089, 1372, 2701, 5445 ],
    [ 43, 351, 468, 1677, 2494, 5031 ],
    [ 43, 429, 2262, 3159, 5848, 11739 ],
    [ 43, 431, 2703, 6307, 9439, 18921 ],
    [ 43, 480, 640, 2279, 3440, 6880 ],
    [ 43, 484, 1290, 1573, 1815, 5203 ],
    [ 43, 507, 1599, 3744, 5848, 11739 ],
    [ 43, 560, 3520, 8199, 12320, 24640 ],
    [ 43, 605, 968, 1290, 2299, 5203 ],
    [ 43, 732, 4595, 10736, 16104, 32208 ],
    [ 44, 47, 198, 329, 418, 1034 ],
    [ 44, 54, 286, 355, 737, 1474 ],
    [ 44, 55, 278, 417, 737, 1529 ],
    [ 44, 58, 149, 198, 389, 836 ],
    [ 44, 92, 121, 297, 460, 1012 ],
    [ 44, 105, 645, 1540, 2288, 4620 ],
    [ 44, 144, 257, 443, 842, 1728 ],
    [ 44, 175, 206, 802, 1225, 2450 ],
    [ 44, 188, 345, 575, 1150, 2300 ],
    [ 44, 208, 271, 271, 292, 1084 ],
    [ 44, 215, 1327, 3168, 4752, 9504 ],
    [ 44, 410, 451, 615, 737, 2255 ],
    [ 44, 498, 539, 747, 913, 2739 ],
    [ 45, 49, 315, 720, 1078, 2205 ],
    [ 45, 49, 360, 855, 1258, 2565 ],
    [ 45, 64, 120, 345, 508, 1080 ],
    [ 45, 64, 405, 960, 1408, 2880 ],
    [ 45, 73, 273, 660, 976, 2025 ],
    [ 45, 84, 112, 433, 672, 1344 ],
    [ 45, 84, 196, 405, 532, 1260 ],
    [ 45, 84, 224, 433, 560, 1344 ],
    [ 45, 84, 336, 433, 448, 1344 ],
    [ 45, 85, 144, 153, 340, 765 ],
    [ 45, 123, 205, 574, 900, 1845 ],
    [ 45, 126, 154, 447, 616, 1386 ],
    [ 45, 127, 381, 465, 889, 1905 ],
    [ 45, 136, 399, 510, 952, 2040 ],
    [ 45, 171, 214, 642, 856, 1926 ],
    [ 45, 205, 328, 369, 900, 1845 ],
    [ 45, 224, 280, 825, 1148, 2520 ],
    [ 45, 243, 1144, 1716, 2002, 5148 ],
    [ 45, 340, 544, 603, 1530, 3060 ],
    [ 45, 370, 1323, 1779, 3145, 6660 ],
    [ 45, 415, 1503, 2004, 3550, 7515 ],
    [ 45, 463, 2483, 3450, 3956, 10395 ],
    [ 45, 770, 1241, 2054, 2867, 6975 ],
    [ 45, 799, 2565, 5970, 8578, 17955 ],
    [ 45, 811, 2646, 3543, 6232, 13275 ],
    [ 45, 1024, 3285, 7680, 11008, 23040 ],
    [ 46, 49, 161, 413, 621, 1288 ],
    [ 46, 49, 322, 735, 1104, 2254 ],
    [ 46, 52, 286, 359, 741, 1482 ],
    [ 46, 56, 84, 161, 299, 644 ],
    [ 46, 60, 264, 345, 667, 1380 ],
    [ 46, 69, 72, 252, 391, 828 ],
    [ 46, 72, 207, 528, 805, 1656 ],
    [ 46, 77, 84, 280, 439, 924 ],
    [ 46, 85, 104, 362, 595, 1190 ],
    [ 46, 87, 391, 522, 957, 2001 ],
    [ 46, 252, 693, 1932, 2875, 5796 ],
    [ 46, 256, 299, 896, 1449, 2944 ],
    [ 46, 336, 1092, 1449, 2875, 5796 ],
    [ 46, 384, 427, 1280, 2089, 4224 ],
    [ 46, 394, 897, 1379, 1817, 4531 ],
    [ 46, 420, 1344, 1785, 3547, 7140 ],
    [ 46, 505, 2789, 3887, 4436, 11661 ],
    [ 46, 520, 1690, 2231, 4485, 8970 ],
    [ 46, 650, 2080, 2751, 5525, 11050 ],
    [ 46, 901, 2967, 6923, 9934, 20769 ],
    [ 47, 66, 110, 329, 484, 1034 ],
    [ 47, 66, 506, 1187, 1804, 3608 ],
    [ 47, 97, 658, 1503, 2303, 4606 ],
    [ 47, 109, 353, 552, 950, 2009 ],
    [ 47, 112, 736, 1739, 2632, 5264 ],
    [ 47, 132, 572, 1319, 1936, 4004 ],
    [ 47, 173, 994, 1383, 2548, 5143 ],
    [ 47, 264, 440, 1451, 2200, 4400 ],
    [ 47, 264, 880, 1451, 1760, 4400 ],
    [ 47, 268, 1831, 4288, 6432, 12864 ],
    [ 47, 301, 1634, 3913, 5846, 11739 ],
    [ 47, 645, 2021, 2365, 5029, 10105 ],
    [ 47, 688, 1075, 1247, 3008, 6063 ],
    [ 47, 712, 2269, 3026, 5340, 11392 ],
    [ 47, 731, 946, 1333, 3008, 6063 ],
    [ 47, 837, 2687, 6254, 8986, 18809 ],
    [ 47, 853, 2739, 3637, 6421, 13695 ],
    [ 47, 1068, 3337, 3916, 8366, 16732 ],
    [ 47, 1072, 3439, 8040, 11524, 24120 ],
    [ 48, 49, 117, 327, 490, 1029 ],
    [ 48, 55, 64, 275, 440, 880 ],
    [ 48, 55, 121, 132, 306, 660 ],
    [ 48, 59, 464, 1079, 1648, 3296 ],
    [ 48, 61, 198, 610, 915, 1830 ],
    [ 48, 63, 88, 331, 528, 1056 ],
    [ 48, 63, 160, 315, 424, 1008 ],
    [ 48, 63, 176, 331, 440, 1056 ],
    [ 48, 63, 264, 331, 352, 1056 ],
    [ 48, 67, 112, 335, 512, 1072 ],
    [ 48, 75, 120, 175, 184, 600 ],
    [ 48, 77, 440, 1001, 1516, 3080 ],
    [ 48, 77, 517, 1232, 1824, 3696 ],
    [ 48, 84, 118, 189, 319, 756 ],
    [ 48, 99, 168, 247, 280, 840 ],
    [ 48, 103, 160, 515, 824, 1648 ],
    [ 48, 107, 176, 551, 880, 1760 ],
    [ 48, 107, 352, 551, 704, 1760 ],
    [ 48, 137, 776, 1781, 2740, 5480 ],
    [ 48, 157, 904, 2057, 3164, 6328 ],
    [ 48, 157, 1061, 2528, 3792, 7584 ],
    [ 48, 158, 203, 608, 857, 1872 ],
    [ 48, 195, 352, 991, 1584, 3168 ],
    [ 49, 54, 153, 459, 664, 1377 ],
    [ 49, 56, 57, 64, 224, 448 ],
    [ 49, 60, 70, 98, 215, 490 ],
    [ 49, 60, 413, 980, 1440, 2940 ],
    [ 49, 80, 553, 1280, 1960, 3920 ],
    [ 49, 109, 280, 763, 1090, 2289 ],
    [ 49, 115, 874, 1149, 1311, 3496 ],
    [ 49, 230, 276, 827, 1150, 2530 ],
    [ 49, 273, 500, 1091, 1862, 3773 ],
    [ 49, 280, 327, 654, 981, 2289 ],
    [ 49, 315, 675, 1350, 2338, 4725 ],
    [ 49, 325, 511, 650, 742, 2275 ],
    [ 49, 368, 644, 1701, 2392, 5152 ],
    [ 49, 368, 1288, 2989, 4324, 9016 ],
    [ 49, 414, 460, 598, 735, 2254 ],
    [ 49, 458, 1008, 2519, 3983, 8015 ],
    [ 49, 458, 1466, 3893, 5815, 11679 ],
    [ 49, 499, 1587, 1859, 3943, 7935 ],
    [ 49, 507, 1613, 4285, 6452, 12904 ],
    [ 49, 507, 3226, 4285, 4839, 12904 ],
    [ 49, 558, 1813, 2418, 4278, 9114 ],
    [ 49, 585, 2430, 6075, 9088, 18225 ],
    [ 49, 609, 1312, 2624, 4592, 9184 ],
    [ 49, 654, 4157, 5559, 6260, 16677 ],
    [ 49, 744, 2371, 2790, 5952, 11904 ],
    [ 49, 879, 3655, 9113, 13694, 27388 ],
    [ 50, 58, 243, 405, 704, 1458 ],
    [ 50, 59, 189, 353, 460, 1109 ],
    [ 50, 69, 483, 1150, 1700, 3450 ],
    [ 50, 89, 140, 168, 395, 840 ],
    [ 50, 91, 108, 353, 509, 1109 ],
    [ 50, 119, 190, 238, 595, 1190 ],
    [ 50, 138, 161, 322, 619, 1288 ],
    [ 50, 184, 207, 828, 1217, 2484 ],
    [ 50, 185, 1063, 1479, 2725, 5500 ],
    [ 50, 188, 235, 329, 375, 1175 ],
    [ 50, 206, 760, 911, 1925, 3850 ],
    [ 50, 230, 253, 759, 1240, 2530 ],
    [ 50, 276, 460, 621, 1355, 2760 ],
    [ 50, 276, 897, 2392, 3563, 7176 ],
    [ 50, 284, 710, 875, 1633, 3550 ],
    [ 50, 329, 1175, 2725, 3948, 8225 ],
    [ 50, 373, 420, 1259, 2050, 4150 ],
    [ 50, 405, 881, 1334, 1787, 4455 ],
    [ 50, 429, 1525, 3575, 5148, 10725 ],
    [ 51, 63, 283, 676, 1020, 2091 ],
    [ 51, 68, 122, 305, 493, 1037 ],
    [ 51, 72, 136, 391, 576, 1224 ],
    [ 51, 80, 592, 799, 928, 2448 ],
    [ 51, 112, 320, 799, 1168, 2448 ],
    [ 51, 141, 658, 1645, 2442, 4935 ],
    [ 51, 156, 289, 832, 1326, 2652 ],
    [ 51, 158, 284, 773, 1213, 2477 ],
    [ 51, 173, 833, 1886, 2890, 5831 ],
    [ 51, 292, 1411, 3212, 4964, 9928 ],
    [ 51, 531, 1207, 2992, 4248, 9027 ],
    [ 51, 576, 1024, 3247, 4896, 9792 ],
    [ 51, 725, 2320, 3094, 6137, 12325 ],
    [ 51, 831, 1483, 4726, 7089, 14178 ],
    [ 51, 929, 2983, 3961, 7922, 15844 ],
    [ 51, 1062, 2269, 5647, 7965, 16992 ],
    [ 51, 1074, 1513, 2685, 3808, 9129 ],
    [ 51, 1419, 3034, 7585, 10668, 22755 ],
    [ 52, 55, 468, 1091, 1664, 3328 ],
    [ 52, 56, 117, 195, 362, 780 ],
    [ 52, 63, 459, 1092, 1612, 3276 ],
    [ 52, 65, 69, 299, 414, 897 ],
    [ 52, 82, 273, 728, 1051, 2184 ],
    [ 52, 112, 243, 405, 810, 1620 ],
    [ 52, 124, 148, 161, 161, 644 ],
    [ 52, 124, 199, 199, 224, 796 ],
    [ 52, 147, 539, 881, 1078, 2695 ],
    [ 52, 148, 271, 271, 344, 1084 ],
    [ 53, 56, 159, 476, 742, 1484 ],
    [ 53, 57, 424, 1007, 1482, 3021 ],
    [ 53, 77, 609, 812, 1496, 3045 ],
    [ 53, 120, 200, 689, 1060, 2120 ],
    [ 53, 126, 777, 1855, 2756, 5565 ],
    [ 53, 152, 1165, 2736, 4104, 8208 ],
    [ 53, 175, 1075, 2549, 3850, 7700 ],
    [ 53, 245, 1372, 1911, 3526, 7105 ],
    [ 53, 303, 1060, 1414, 2525, 5353 ],
    [ 53, 317, 1151, 2668, 3870, 8057 ],
    [ 53, 343, 931, 2597, 3869, 7791 ],
    [ 53, 755, 1208, 2014, 3975, 8003 ],
    [ 54, 58, 63, 234, 349, 756 ],
    [ 54, 58, 324, 405, 781, 1620 ],
    [ 54, 60, 97, 358, 567, 1134 ],
    [ 54, 66, 88, 135, 253, 594 ],
    [ 54, 70, 364, 459, 945, 1890 ],
    [ 54, 76, 81, 342, 475, 1026 ],
    [ 54, 97, 495, 1137, 1684, 3465 ],
    [ 54, 100, 325, 900, 1323, 2700 ],
    [ 54, 199, 1307, 1809, 2060, 5427 ],
    [ 54, 355, 1377, 3213, 4642, 9639 ],
    [ 54, 385, 1309, 1746, 3438, 6930 ],
    [ 54, 400, 1700, 2125, 4223, 8500 ],
    [ 54, 475, 600, 1600, 2673, 5400 ],
    [ 54, 493, 1687, 2232, 4464, 8928 ],
    [ 54, 562, 945, 2502, 3499, 7560 ],
    [ 54, 616, 2618, 3259, 6545, 13090 ],
    [ 54, 724, 1215, 3258, 4525, 9774 ],
    [ 54, 753, 1714, 4285, 6051, 12855 ],
    [ 54, 907, 1140, 3058, 5157, 10314 ],
    [ 55, 65, 299, 480, 598, 1495 ],
    [ 55, 70, 143, 154, 350, 770 ],
    [ 55, 72, 84, 121, 330, 660 ],
    [ 55, 95, 201, 201, 455, 1005 ],
    [ 55, 104, 832, 1923, 2912, 5824 ],
    [ 55, 138, 518, 845, 1499, 3053 ],
    [ 55, 153, 561, 663, 1375, 2805 ],
    [ 55, 154, 718, 1077, 1947, 3949 ],
    [ 55, 155, 361, 361, 875, 1805 ],
    [ 55, 190, 391, 634, 877, 2145 ],
    [ 55, 191, 677, 1787, 2708, 5416 ],
    [ 55, 191, 1354, 1787, 2031, 5416 ],
    [ 55, 205, 1383, 1844, 3430, 6915 ],
    [ 55, 210, 493, 504, 1260, 2520 ],
    [ 55, 246, 1739, 2337, 2636, 7011 ],
    [ 55, 252, 913, 1092, 2310, 4620 ],
    [ 55, 263, 473, 789, 1315, 2893 ],
    [ 55, 274, 1085, 1465, 2603, 5480 ],
    [ 55, 364, 676, 832, 935, 2860 ],
    [ 55, 459, 1224, 2193, 3874, 7803 ],
    [ 55, 740, 1639, 2485, 3278, 8195 ],
    [ 56, 69, 544, 1265, 1932, 3864 ],
    [ 56, 73, 154, 335, 462, 1078 ],
    [ 56, 74, 91, 364, 509, 1092 ],
    [ 56, 79, 640, 1467, 2240, 4480 ],
    [ 56, 85, 248, 633, 964, 1984 ],
    [ 56, 99, 304, 759, 1160, 2376 ],
    [ 56, 104, 169, 429, 700, 1456 ],
    [ 56, 104, 195, 455, 752, 1560 ],
    [ 56, 106, 159, 476, 689, 1484 ],
    [ 56, 117, 624, 1417, 2156, 4368 ],
    [ 56, 141, 416, 1081, 1692, 3384 ],
    [ 56, 155, 472, 1207, 1888, 3776 ],
    [ 56, 161, 215, 430, 645, 1505 ],
    [ 56, 195, 689, 910, 1792, 3640 ],
    [ 56, 214, 588, 749, 1391, 2996 ],
    [ 56, 293, 1039, 1386, 2716, 5488 ],
    [ 56, 307, 1081, 1414, 2856, 5712 ],
    [ 56, 374, 641, 854, 1549, 3472 ],
    [ 56, 511, 592, 1211, 1776, 4144 ],
    [ 56, 525, 592, 1225, 1804, 4200 ],
    [ 57, 89, 302, 533, 922, 1901 ],
    [ 57, 119, 811, 1102, 1276, 3363 ],
    [ 57, 177, 928, 2320, 3480, 6960 ],
    [ 57, 437, 656, 820, 1148, 3116 ],
    [ 57, 438, 967, 2920, 4380, 8760 ],
    [ 57, 531, 1282, 3205, 4542, 9615 ],
    [ 57, 603, 895, 1608, 2266, 5427 ],
    [ 58, 74, 77, 178, 385, 770 ],
    [ 58, 87, 104, 130, 377, 754 ],
    [ 58, 90, 319, 840, 1305, 2610 ],
    [ 58, 108, 405, 1080, 1591, 3240 ],
    [ 58, 110, 385, 1044, 1595, 3190 ],
    [ 58, 135, 279, 603, 1015, 2088 ],
    [ 58, 171, 207, 639, 1015, 2088 ],
    [ 59, 62, 236, 589, 885, 1829 ],
    [ 59, 75, 469, 674, 806, 2081 ],
    [ 59, 192, 1376, 3191, 4816, 9632 ],
    [ 59, 213, 863, 1994, 2914, 6041 ],
    [ 59, 251, 1789, 4194, 6291, 12582 ],
    [ 59, 272, 1099, 2584, 3740, 7752 ],
    [ 59, 392, 1288, 3415, 5152, 10304 ],
    [ 59, 448, 1008, 2519, 3584, 7616 ],
    [ 59, 715, 1870, 2255, 4838, 9735 ],
    [ 59, 770, 3245, 7315, 11328, 22715 ],
    [ 59, 1155, 4785, 10780, 16718, 33495 ],
    [ 59, 1360, 5723, 12920, 20060, 40120 ],
    [ 59, 2040, 8443, 19040, 29580, 59160 ],
    [ 59, 2335, 9682, 21813, 33887, 67774 ],
    [ 60, 70, 156, 171, 385, 840 ],
    [ 60, 74, 285, 760, 1103, 2280 ],
    [ 60, 103, 580, 1319, 2000, 4060 ],
    [ 60, 115, 253, 264, 690, 1380 ],
    [ 60, 119, 195, 565, 818, 1755 ],
    [ 60, 123, 280, 799, 1260, 2520 ],
    [ 60, 171, 361, 1120, 1710, 3420 ],
    [ 60, 173, 980, 2249, 3460, 6920 ],
    [ 60, 314, 585, 1540, 2183, 4680 ],
    [ 60, 490, 576, 591, 1225, 2940 ],
    [ 61, 64, 549, 1280, 1952, 3904 ],
    [ 61, 87, 493, 1130, 1682, 3451 ],
    [ 61, 100, 366, 475, 525, 1525 ],
    [ 61, 125, 275, 366, 700, 1525 ],
    [ 61, 133, 418, 1159, 1708, 3477 ],
    [ 61, 149, 458, 1271, 1876, 3813 ],
    [ 61, 266, 1501, 3591, 5356, 10773 ],
    [ 61, 348, 1972, 4697, 7076, 14152 ],
    [ 61, 629, 2687, 6060, 9374, 18809 ],
    [ 61, 641, 2739, 3439, 6817, 13695 ],
    [ 61, 702, 2983, 3744, 7488, 14976 ],
    [ 61, 1056, 4517, 10208, 15840, 31680 ],
    [ 62, 65, 279, 743, 1147, 2294 ],
    [ 62, 74, 85, 376, 595, 1190 ],
    [ 62, 352, 587, 1936, 2873, 5808 ],
    [ 62, 472, 797, 1062, 2329, 4720 ],
    [ 62, 658, 1107, 1496, 3321, 6642 ],
    [ 63, 64, 216, 555, 832, 1728 ],
    [ 63, 67, 99, 108, 268, 603 ],
    [ 63, 67, 168, 525, 754, 1575 ],
    [ 63, 70, 171, 363, 595, 1260 ],
    [ 63, 70, 179, 441, 572, 1323 ],
    [ 63, 77, 178, 377, 616, 1309 ],
    [ 63, 79, 355, 848, 1280, 2623 ],
    [ 63, 81, 142, 426, 568, 1278 ],
    [ 63, 85, 279, 765, 1105, 2295 ],
    [ 63, 88, 357, 462, 880, 1848 ],
    [ 63, 102, 589, 1441, 2193, 4386 ],
    [ 63, 154, 409, 839, 1463, 2926 ],
    [ 63, 160, 360, 939, 1360, 2880 ],
    [ 63, 160, 720, 1659, 2440, 5040 ],
    [ 63, 163, 729, 1680, 2470, 5103 ],
    [ 63, 181, 724, 966, 1869, 3801 ],
    [ 63, 208, 927, 2184, 3172, 6552 ],
    [ 63, 385, 486, 993, 1540, 3465 ],
    [ 63, 547, 648, 1317, 2026, 4599 ],
    [ 63, 770, 871, 1763, 2695, 6160 ],
    [ 63, 791, 913, 1826, 2800, 6391 ],
    [ 63, 1035, 3349, 4506, 5602, 14553 ],
    [ 63, 1397, 2247, 3766, 6074, 13545 ],
    [ 64, 72, 135, 339, 544, 1152 ],
    [ 64, 72, 153, 357, 580, 1224 ],
    [ 64, 79, 280, 699, 1056, 2176 ],
    [ 64, 92, 199, 199, 244, 796 ],
    [ 64, 135, 240, 675, 1048, 2160 ],
    [ 64, 136, 263, 659, 1120, 2240 ],
    [ 64, 136, 281, 677, 1156, 2312 ],
    [ 64, 136, 297, 693, 1188, 2376 ],
    [ 64, 247, 432, 1235, 1976, 3952 ],
    [ 64, 315, 720, 1815, 2848, 5760 ],
    [ 64, 315, 1440, 3255, 5008, 10080 ],
    [ 64, 331, 1504, 3399, 5232, 10528 ],
    [ 64, 395, 912, 2279, 3584, 7232 ],
    [ 64, 555, 2528, 5735, 8880, 17760 ],
    [ 64, 571, 1296, 3287, 5216, 10432 ],
    [ 64, 603, 680, 1407, 2072, 4824 ],
    [ 64, 635, 2912, 6583, 10192, 20384 ],
    [ 64, 680, 773, 1577, 2412, 5504 ],
    [ 65, 89, 823, 1950, 2925, 5850 ],
    [ 65, 94, 877, 2068, 3102, 6204 ],
    [ 65, 274, 735, 1805, 2603, 5480 ],
    [ 65, 549, 3477, 8113, 12137, 24339 ],
    [ 65, 564, 2569, 5828, 9024, 18048 ],
    [ 65, 744, 4712, 10973, 16492, 32984 ],
    [ 65, 813, 2626, 3502, 6191, 13195 ],
    [ 66, 70, 297, 792, 1153, 2376 ],
    [ 66, 93, 217, 682, 990, 2046 ],
    [ 66, 191, 891, 2101, 3056, 6303 ],
    [ 66, 309, 874, 2185, 3123, 6555 ],
    [ 66, 318, 795, 1144, 1177, 3498 ],
    [ 66, 570, 1551, 1900, 2185, 6270 ],
    [ 66, 702, 1947, 2362, 2713, 7788 ],
    [ 67, 104, 120, 160, 191, 640 ],
    [ 67, 105, 441, 1050, 1594, 3255 ],
    [ 67, 756, 1323, 4221, 6298, 12663 ],
    [ 67, 1024, 1792, 5695, 8576, 17152 ],
    [ 68, 195, 1235, 2924, 4420, 8840 ],
    [ 68, 362, 675, 922, 2025, 4050 ],
    [ 68, 626, 2142, 2521, 5355, 10710 ],
    [ 69, 91, 325, 897, 1311, 2691 ],
    [ 69, 118, 161, 413, 598, 1357 ],
    [ 69, 132, 352, 1033, 1584, 3168 ],
    [ 69, 210, 391, 735, 1012, 2415 ],
    [ 69, 239, 1151, 2606, 3994, 8057 ],
    [ 69, 394, 460, 1379, 2231, 4531 ],
    [ 69, 796, 2587, 3450, 6831, 13731 ],
    [ 69, 975, 3055, 7150, 11178, 22425 ],
    [ 69, 995, 3184, 4246, 8423, 16915 ],
    [ 69, 1271, 4081, 5419, 10838, 21676 ],
    [ 69, 1941, 6091, 14257, 22356, 44712 ],
    [ 70, 79, 90, 158, 395, 790 ],
    [ 70, 115, 331, 514, 697, 1725 ],
    [ 70, 199, 1005, 2345, 3418, 7035 ],
    [ 70, 264, 924, 1089, 2275, 4620 ],
    [ 70, 373, 610, 1119, 1560, 3730 ],
    [ 70, 441, 577, 1154, 1799, 4039 ],
    [ 70, 495, 2673, 3729, 6895, 13860 ],
    [ 70, 528, 1155, 2904, 4585, 9240 ],
    [ 70, 746, 882, 1323, 2273, 5292 ],
    [ 70, 792, 1683, 4224, 6697, 13464 ],
    [ 70, 948, 2065, 5214, 8295, 16590 ],
    [ 70, 985, 5333, 7439, 13825, 27650 ],
    [ 70, 1049, 3485, 8155, 11708, 24465 ],
    [ 70, 1323, 2069, 4851, 6242, 14553 ],
    [ 70, 1422, 3013, 7584, 12087, 24174 ],
    [ 71, 74, 639, 851, 994, 2627 ],
    [ 71, 80, 96, 323, 472, 1040 ],
    [ 71, 107, 350, 874, 1293, 2693 ],
    [ 71, 179, 271, 859, 1378, 2756 ],
    [ 71, 201, 1005, 2278, 3482, 7035 ],
    [ 72, 82, 91, 162, 405, 810 ],
    [ 72, 85, 136, 425, 644, 1360 ],
    [ 72, 130, 468, 567, 1105, 2340 ],
    [ 72, 133, 607, 774, 1584, 3168 ],
    [ 72, 166, 612, 765, 1447, 3060 ],
    [ 72, 190, 423, 1104, 1597, 3384 ],
    [ 72, 256, 279, 675, 1024, 2304 ],
    [ 72, 256, 297, 693, 1060, 2376 ],
    [ 72, 348, 418, 627, 1045, 2508 ],
    [ 73, 90, 160, 190, 219, 730 ],
    [ 73, 100, 130, 210, 219, 730 ],
    [ 73, 110, 1013, 1375, 1556, 4125 ],
    [ 73, 318, 1625, 3710, 5724, 11448 ],
    [ 73, 840, 2800, 6509, 9380, 19600 ],
    [ 74, 80, 460, 575, 1113, 2300 ],
    [ 74, 142, 497, 851, 1065, 2627 ],
    [ 74, 213, 284, 851, 1207, 2627 ],
    [ 74, 280, 980, 1295, 2553, 5180 ],
    [ 74, 420, 945, 2380, 3743, 7560 ],
    [ 74, 426, 959, 1420, 2803, 5680 ],
    [ 74, 428, 1498, 1961, 3959, 7918 ],
    [ 74, 500, 1107, 1642, 3321, 6642 ],
    [ 75, 96, 256, 775, 1200, 2400 ],
    [ 75, 104, 135, 520, 728, 1560 ],
    [ 75, 131, 383, 791, 1378, 2756 ],
    [ 75, 159, 535, 1300, 1908, 3975 ],
    [ 75, 534, 1189, 2403, 3010, 7209 ],
    [ 75, 680, 1919, 3425, 4178, 10275 ],
    [ 75, 994, 5183, 12425, 18600, 37275 ],
    [ 75, 1369, 7133, 17075, 25650, 51300 ],
    [ 76, 294, 1102, 1323, 2793, 5586 ],
    [ 76, 351, 1349, 1774, 3197, 6745 ],
    [ 77, 146, 803, 1825, 2772, 5621 ],
    [ 77, 256, 1397, 3200, 4928, 9856 ],
    [ 77, 292, 657, 1971, 2918, 5913 ],
    [ 77, 444, 1628, 3773, 5476, 11396 ],
    [ 78, 97, 941, 1287, 1460, 3861 ],
    [ 78, 113, 565, 754, 1430, 2938 ],
    [ 78, 129, 367, 1144, 1716, 3432 ],
    [ 78, 173, 975, 2275, 3326, 6825 ],
    [ 78, 212, 507, 1378, 1961, 4134 ],
    [ 78, 222, 259, 1036, 1515, 3108 ],
    [ 78, 297, 1039, 2449, 3783, 7644 ],
    [ 78, 341, 871, 1364, 1781, 4433 ],
    [ 78, 378, 1323, 1738, 1777, 5292 ],
    [ 78, 417, 847, 1833, 2326, 5499 ],
    [ 78, 713, 3865, 9230, 13884, 27768 ],
    [ 79, 108, 553, 684, 1422, 2844 ],
    [ 79, 135, 1035, 2415, 3583, 7245 ],
    [ 79, 450, 2475, 5925, 8848, 17775 ],
    [ 79, 608, 3344, 7979, 12008, 24016 ],
    [ 79, 2128, 2736, 7067, 9272, 21280 ],
    [ 79, 2918, 3763, 9753, 12748, 29259 ],
    [ 80, 133, 380, 969, 1480, 3040 ],
    [ 80, 133, 760, 1729, 2620, 5320 ],
    [ 80, 154, 385, 1000, 1463, 3080 ],
    [ 80, 175, 544, 875, 1128, 2800 ],
    [ 80, 233, 1320, 3029, 4660, 9320 ],
    [ 80, 253, 350, 759, 1090, 2530 ],
    [ 80, 311, 816, 1283, 1672, 4160 ],
    [ 80, 385, 1309, 2155, 2618, 6545 ],
    [ 80, 399, 2223, 5320, 7940, 15960 ],
    [ 80, 419, 2323, 5560, 8300, 16680 ],
    [ 80, 525, 1769, 2975, 3578, 8925 ],
    [ 80, 539, 3003, 7160, 10780, 21560 ],
    [ 80, 545, 1869, 3115, 3738, 9345 ],
    [ 80, 799, 4463, 10680, 16020, 32040 ],
    [ 81, 231, 847, 2002, 3078, 6237 ],
    [ 81, 364, 1404, 3249, 4732, 9828 ],
    [ 81, 468, 520, 1533, 2080, 4680 ],
    [ 81, 472, 1809, 4248, 6136, 12744 ],
    [ 81, 630, 709, 2127, 2836, 6381 ],
    [ 81, 832, 936, 2781, 3796, 8424 ],
    [ 81, 940, 3995, 5014, 9947, 19975 ],
    [ 81, 1017, 4303, 6414, 7510, 19323 ],
    [ 81, 1021, 4319, 5419, 10838, 21676 ],
    [ 81, 1129, 1260, 3807, 5146, 11421 ],
    [ 81, 1341, 5680, 8520, 9940, 25560 ],
    [ 82, 208, 533, 1352, 2091, 4264 ],
    [ 82, 234, 585, 1482, 2299, 4680 ],
    [ 82, 278, 675, 992, 2025, 4050 ],
    [ 82, 372, 943, 2418, 3813, 7626 ],
    [ 83, 117, 671, 1538, 2290, 4697 ],
    [ 83, 160, 256, 911, 1408, 2816 ],
    [ 83, 1600, 4160, 7439, 9120, 22400 ],
    [ 83, 2264, 5903, 10593, 12938, 31779 ],
    [ 84, 87, 280, 811, 1260, 2520 ],
    [ 84, 204, 286, 429, 715, 1716 ],
    [ 84, 204, 387, 415, 544, 1632 ],
    [ 85, 99, 544, 726, 1353, 2805 ],
    [ 85, 430, 2993, 4019, 7525, 15050 ],
    [ 85, 481, 2903, 4031, 7498, 14996 ],
    [ 85, 574, 1066, 2295, 2952, 6970 ],
    [ 85, 656, 902, 2295, 3034, 6970 ],
    [ 85, 1075, 3638, 4879, 8600, 18275 ],
    [ 85, 1134, 7047, 16443, 24622, 49329 ],
    [ 85, 1559, 9682, 22563, 33887, 67774 ],
    [ 85, 1737, 7361, 9264, 11084, 29529 ],
    [ 85, 1907, 8126, 10199, 12189, 32504 ],
    [ 85, 1984, 12317, 28768, 43152, 86304 ],
    [ 85, 2150, 6863, 9179, 16125, 34400 ],
    [ 85, 2405, 7713, 10284, 18080, 38565 ],
    [ 86, 328, 1476, 1845, 3647, 7380 ],
    [ 86, 500, 2250, 2791, 5625, 11250 ],
    [ 87, 111, 355, 1102, 1653, 3306 ],
    [ 88, 98, 110, 245, 539, 1078 ],
    [ 88, 114, 484, 627, 1197, 2508 ],
    [ 89, 109, 671, 1536, 2294, 4697 ],
    [ 89, 195, 1213, 2795, 4290, 8580 ],
    [ 89, 510, 3315, 7735, 11558, 23205 ],
    [ 89, 688, 4472, 10405, 15652, 31304 ],
    [ 89, 860, 946, 2837, 3870, 8600 ],
    [ 89, 1530, 6375, 14365, 22268, 44625 ],
    [ 89, 2687, 11181, 25223, 39178, 78356 ],
    [ 90, 261, 319, 927, 1276, 2871 ],
    [ 90, 351, 439, 1317, 1756, 3951 ],
    [ 90, 688, 1849, 5160, 7695, 15480 ],
    [ 90, 860, 1376, 1591, 3825, 7740 ],
    [ 90, 958, 2569, 7140, 10755, 21510 ],
    [ 90, 1048, 2358, 2925, 5371, 11790 ],
    [ 90, 1138, 2538, 3195, 5821, 12780 ],
    [ 90, 1580, 2546, 2941, 7155, 14310 ],
    [ 91, 231, 409, 818, 1316, 2863 ],
    [ 91, 264, 1144, 2639, 3872, 8008 ],
    [ 91, 319, 2175, 2900, 5392, 10875 ],
    [ 91, 528, 1496, 2639, 3256, 8008 ],
    [ 91, 533, 1866, 2488, 3110, 8086 ],
    [ 91, 783, 3393, 7656, 11830, 23751 ],
    [ 91, 792, 880, 2639, 3608, 8008 ],
    [ 91, 1408, 2288, 6071, 8448, 18304 ],
    [ 91, 1827, 3132, 6873, 11830, 23751 ],
    [ 91, 1863, 3016, 8073, 11178, 24219 ],
    [ 91, 3465, 5953, 13061, 22568, 45136 ],
    [ 92, 110, 506, 605, 1219, 2530 ],
    [ 92, 115, 118, 413, 621, 1357 ],
    [ 92, 179, 805, 1074, 1969, 4117 ],
    [ 92, 1034, 2855, 7958, 11937, 23874 ],
    [ 93, 128, 837, 1984, 2912, 5952 ],
    [ 93, 178, 1157, 2759, 4092, 8277 ],
    [ 93, 222, 595, 1221, 1534, 3663 ],
    [ 93, 393, 453, 937, 937, 2811 ],
    [ 93, 623, 2759, 6230, 9610, 19313 ],
    [ 93, 714, 3034, 7585, 11331, 22755 ],
    [ 93, 993, 4243, 10561, 15888, 31776 ],
    [ 93, 999, 2271, 3361, 3361, 10083 ],
    [ 93, 1088, 4805, 10880, 16864, 33728 ],
    [ 93, 1243, 5518, 12461, 19313, 38626 ],
    [ 94, 120, 540, 705, 1363, 2820 ],
    [ 94, 144, 423, 1080, 1645, 3384 ],
    [ 94, 145, 987, 2303, 3382, 6909 ],
    [ 94, 165, 1095, 1515, 2773, 5640 ],
    [ 94, 195, 765, 1815, 2773, 5640 ],
    [ 95, 98, 665, 1519, 2280, 4655 ],
    [ 95, 260, 1059, 1765, 2118, 5295 ],
    [ 95, 525, 649, 680, 1298, 3245 ],
    [ 95, 649, 3059, 3894, 4636, 12331 ],
    [ 95, 1947, 2596, 3059, 4636, 12331 ],
    [ 95, 2576, 4048, 10763, 14904, 32384 ],
    [ 95, 3431, 5378, 14373, 19844, 43119 ],
    [ 96, 107, 992, 2279, 3472, 6944 ],
    [ 96, 156, 250, 375, 625, 1500 ],
    [ 96, 156, 297, 349, 448, 1344 ],
    [ 96, 211, 656, 1055, 1360, 3376 ],
    [ 96, 221, 1477, 3488, 5280, 10560 ],
    [ 97, 1510, 2171, 2737, 3208, 9721 ],
    [ 97, 1953, 3348, 7347, 12646, 25389 ],
    [ 97, 3699, 6355, 13943, 24092, 48184 ],
    [ 98, 123, 847, 2009, 2952, 6027 ],
    [ 98, 423, 1974, 4465, 6860, 13818 ],
    [ 98, 567, 1039, 2267, 3871, 7840 ],
    [ 98, 574, 670, 1005, 2345, 4690 ],
    [ 98, 671, 815, 2493, 3404, 7479 ],
    [ 98, 752, 2397, 6392, 9539, 19176 ],
    [ 98, 855, 950, 1235, 1519, 4655 ],
    [ 98, 1340, 4259, 11390, 17085, 34170 ],
    [ 99, 224, 1056, 2431, 3584, 7392 ],
    [ 99, 240, 336, 607, 640, 1920 ],
    [ 99, 256, 416, 1023, 1376, 3168 ],
    [ 99, 290, 1353, 3190, 4640, 9570 ],
    [ 99, 381, 1714, 4285, 6378, 12855 ],
    [ 100, 186, 950, 1141, 2375, 4750 ],
    [ 100, 513, 2540, 3249, 3860, 10260 ],
    [ 100, 563, 2840, 3599, 4260, 11360 ],
    [ 100, 634, 1560, 1975, 3633, 7900 ],
    [ 100, 773, 870, 2609, 4250, 8600 ],
    [ 100, 830, 1806, 1831, 4565, 9130 ],
    [ 101, 112, 420, 1049, 1568, 3248 ],
    [ 101, 236, 1239, 1574, 3047, 6195 ],
    [ 101, 280, 896, 1553, 1932, 4760 ],
    [ 101, 294, 931, 1616, 2009, 4949 ],
    [ 101, 441, 539, 1616, 2254, 4949 ],
    [ 101, 1578, 1972, 2663, 3649, 9961 ],
    [ 101, 1578, 2071, 2465, 3748, 9961 ],
    [ 101, 1677, 2269, 2663, 4045, 10753 ],
    [ 102, 122, 383, 544, 1027, 2176 ],
    [ 102, 183, 505, 1071, 1354, 3213 ],
    [ 102, 343, 1666, 3773, 5780, 11662 ],
    [ 102, 683, 3332, 7547, 11662, 23324 ],
    [ 103, 198, 1485, 3465, 5146, 10395 ],
    [ 103, 225, 350, 899, 1225, 2800 ],
    [ 103, 1303, 2305, 2806, 3206, 9721 ],
    [ 103, 2376, 3267, 9009, 14650, 29403 ],
    [ 103, 4333, 5945, 16425, 26804, 53608 ],
    [ 104, 160, 247, 611, 960, 2080 ],
    [ 104, 160, 273, 637, 1012, 2184 ],
    [ 104, 352, 603, 1407, 2360, 4824 ],
    [ 104, 352, 629, 1433, 2412, 4928 ],
    [ 104, 407, 1475, 2493, 3002, 7479 ],
    [ 104, 433, 637, 1911, 2650, 5733 ],
    [ 104, 560, 853, 2177, 3692, 7384 ],
    [ 104, 560, 967, 2291, 3920, 7840 ],
    [ 104, 560, 993, 2317, 3972, 7944 ],
    [ 105, 171, 273, 433, 490, 1470 ],
    [ 105, 376, 478, 513, 547, 2017 ],
    [ 105, 406, 913, 1826, 3143, 6391 ],
    [ 105, 410, 649, 785, 1298, 3245 ],
    [ 105, 445, 1848, 2499, 4450, 9345 ],
    [ 105, 544, 1020, 2685, 3808, 8160 ],
    [ 105, 719, 1335, 3595, 5033, 10785 ],
    [ 105, 1943, 4193, 10430, 14726, 31395 ],
    [ 106, 136, 748, 935, 1817, 3740 ],
    [ 106, 465, 568, 723, 877, 2737 ],
    [ 106, 621, 2173, 2898, 5175, 10971 ],
    [ 106, 1020, 1632, 2703, 5353, 10812 ],
    [ 106, 1089, 1660, 2023, 2853, 7729 ],
    [ 106, 1550, 2480, 4081, 8215, 16430 ],
    [ 108, 132, 238, 357, 595, 1428 ],
    [ 108, 225, 313, 975, 1306, 2925 ],
    [ 109, 145, 754, 1006, 1903, 3915 ],
    [ 109, 1597, 2023, 2661, 4365, 10753 ],
    [ 109, 1696, 8904, 12401, 14204, 37312 ],
    [ 109, 2459, 12937, 18069, 20635, 54207 ],
    [ 110, 305, 449, 485, 898, 2245 ],
    [ 110, 320, 373, 1119, 1810, 3730 ],
    [ 110, 377, 2046, 2639, 3124, 8294 ],
    [ 110, 466, 1254, 1595, 2957, 6380 ],
    [ 110, 538, 968, 1345, 2959, 5918 ],
    [ 110, 749, 1391, 1712, 1925, 5885 ],
    [ 111, 399, 1125, 1633, 1633, 4899 ],
    [ 111, 650, 2275, 3034, 5957, 12025 ],
    [ 111, 759, 2493, 3361, 3361, 10083 ],
    [ 112, 119, 256, 595, 824, 1904 ],
    [ 112, 151, 288, 659, 920, 2128 ],
    [ 112, 158, 567, 1512, 2189, 4536 ],
    [ 112, 216, 351, 891, 1456, 3024 ],
    [ 112, 216, 405, 945, 1564, 3240 ],
    [ 112, 243, 1296, 2943, 4480, 9072 ],
    [ 112, 410, 1148, 1407, 2665, 5740 ],
    [ 112, 438, 1204, 1533, 2847, 6132 ],
    [ 112, 522, 1484, 1855, 3449, 7420 ],
    [ 113, 176, 330, 791, 1078, 2486 ],
    [ 113, 198, 286, 791, 1100, 2486 ],
    [ 113, 200, 720, 1229, 1540, 3800 ],
    [ 113, 419, 2007, 4961, 7498, 14996 ],
    [ 113, 886, 1551, 2105, 2548, 7201 ],
    [ 113, 1100, 5940, 8249, 9460, 24860 ],
    [ 113, 1526, 7957, 19075, 28556, 57225 ],
    [ 113, 1540, 3300, 8249, 11660, 24860 ],
    [ 113, 2091, 10895, 26081, 39178, 78356 ],
    [ 114, 176, 605, 1672, 2451, 5016 ],
    [ 114, 893, 1340, 1675, 2345, 6365 ],
    [ 115, 133, 736, 982, 1831, 3795 ],
    [ 115, 192, 1024, 2351, 3488, 7168 ],
    [ 115, 371, 2162, 2759, 3243, 8648 ],
    [ 115, 999, 5328, 12765, 19090, 38295 ],
    [ 115, 1344, 7168, 17135, 25760, 51520 ],
    [ 115, 1580, 3499, 5305, 6998, 17495 ],
    [ 116, 226, 791, 2146, 3277, 6554 ],
    [ 116, 767, 937, 966, 2017, 4801 ],
    [ 117, 329, 520, 1599, 2234, 4797 ],
    [ 117, 341, 455, 1364, 2158, 4433 ],
    [ 117, 725, 1259, 1411, 2251, 5761 ],
    [ 117, 1111, 2682, 6705, 9502, 20115 ],
    [ 117, 1489, 2520, 3321, 5956, 13401 ],
    [ 118, 180, 649, 1710, 2655, 5310 ],
    [ 118, 346, 365, 557, 633, 2017 ],
    [ 118, 380, 684, 1121, 2183, 4484 ],
    [ 119, 174, 986, 2261, 3364, 6902 ],
    [ 119, 207, 1173, 2668, 4046, 8211 ],
    [ 119, 231, 577, 1154, 1960, 4039 ],
    [ 119, 326, 629, 815, 884, 2771 ],
    [ 119, 617, 1217, 3285, 4619, 9855 ],
    [ 119, 1737, 3706, 9264, 14705, 29529 ],
    [ 119, 2570, 3621, 6425, 9112, 21845 ],
    [ 119, 2689, 5729, 14381, 22916, 45832 ],
    [ 120, 139, 1163, 2720, 4140, 8280 ],
    [ 120, 153, 330, 499, 550, 1650 ],
    [ 120, 154, 220, 355, 693, 1540 ],
    [ 120, 203, 1160, 2639, 4000, 8120 ],
    [ 120, 353, 2000, 4589, 7060, 14120 ],
    [ 120, 403, 2320, 5279, 8120, 16240 ],
    [ 121, 126, 1107, 2583, 3814, 7749 ],
    [ 121, 590, 3422, 4719, 5428, 14278 ],
    [ 121, 826, 1888, 4719, 6726, 14278 ],
    [ 121, 1287, 5382, 8073, 14740, 29601 ],
    [ 121, 2497, 10464, 15696, 28776, 57552 ],
    [ 122, 531, 3009, 7198, 10736, 21594 ],
    [ 122, 590, 1298, 1947, 3833, 7788 ],
    [ 123, 159, 874, 2185, 3216, 6555 ],
    [ 123, 201, 255, 577, 577, 1731 ],
    [ 125, 128, 1125, 2624, 4000, 8000 ],
    [ 125, 245, 449, 530, 898, 2245 ],
    [ 125, 417, 736, 809, 1276, 3361 ],
    [ 125, 860, 2089, 3195, 4178, 10445 ],
    [ 125, 1714, 4529, 5509, 6366, 18241 ],
    [ 125, 2573, 4166, 5513, 9802, 22177 ],
    [ 126, 148, 962, 1171, 2405, 4810 ],
    [ 126, 161, 409, 818, 1351, 2863 ],
    [ 126, 433, 515, 536, 1093, 2701 ],
    [ 127, 1871, 2619, 4615, 6611, 15841 ],
    [ 127, 2099, 2716, 9753, 14566, 29259 ],
    [ 127, 2246, 3619, 5990, 8361, 20341 ],
    [ 127, 2337, 3198, 11193, 16726, 33579 ],
    [ 127, 2371, 3369, 5990, 8486, 20341 ],
    [ 127, 2480, 3224, 11531, 17360, 34720 ],
    [ 127, 2746, 4369, 7365, 10236, 24841 ],
    [ 127, 3353, 4595, 16019, 24092, 48184 ],
    [ 128, 143, 240, 635, 904, 2048 ],
    [ 128, 279, 496, 1395, 2168, 4464 ],
    [ 128, 503, 880, 2515, 4024, 8048 ],
    [ 128, 651, 1488, 3751, 5888, 11904 ],
    [ 128, 811, 1872, 4679, 7360, 14848 ],
    [ 128, 1163, 2640, 6695, 10624, 21248 ],
    [ 129, 175, 1075, 2450, 3698, 7525 ],
    [ 129, 183, 267, 577, 577, 1731 ],
    [ 129, 279, 939, 1345, 1345, 4035 ],
    [ 129, 304, 1849, 4256, 6536, 13072 ],
    [ 129, 347, 2150, 4901, 7525, 15050 ],
    [ 129, 1516, 4042, 4927, 5685, 16297 ],
    [ 129, 1895, 3032, 4042, 7201, 16297 ],
    [ 130, 140, 336, 371, 845, 1820 ],
    [ 130, 190, 253, 759, 1200, 2530 ],
    [ 130, 701, 1593, 2357, 2422, 7201 ],
    [ 130, 829, 1977, 2869, 2934, 8737 ],
    [ 130, 1008, 3276, 3843, 8125, 16380 ],
    [ 130, 1658, 5356, 6313, 13455, 26910 ],
    [ 131, 140, 945, 1214, 2297, 4725 ],
    [ 131, 343, 514, 729, 986, 2701 ],
    [ 131, 640, 4352, 5759, 6528, 17408 ],
    [ 131, 2042, 3191, 10593, 15824, 31779 ],
    [ 131, 2304, 3584, 11903, 17920, 35840 ],
    [ 133, 156, 988, 2261, 3380, 6916 ],
    [ 133, 418, 732, 915, 1281, 3477 ],
    [ 133, 649, 1558, 3894, 6099, 12331 ],
    [ 133, 1040, 1352, 4913, 7436, 14872 ],
    [ 133, 1558, 1947, 2596, 6099, 12331 ],
    [ 133, 2322, 3999, 12771, 19090, 38313 ],
    [ 133, 3120, 9880, 23009, 33020, 69160 ],
    [ 133, 3253, 5595, 17825, 26804, 53608 ],
    [ 133, 4051, 12806, 29925, 42862, 89775 ],
    [ 134, 461, 637, 681, 1450, 3361 ],
    [ 135, 154, 990, 2265, 3388, 6930 ],
    [ 135, 157, 189, 612, 934, 2025 ],
    [ 135, 199, 1260, 2985, 4378, 8955 ],
    [ 135, 239, 345, 1195, 1673, 3585 ],
    [ 135, 309, 1191, 1633, 1633, 4899 ],
    [ 135, 620, 1639, 2525, 3278, 8195 ],
    [ 135, 841, 1062, 2169, 3364, 7569 ],
    [ 135, 2509, 8055, 18750, 26938, 56385 ],
    [ 135, 3184, 10215, 23880, 34228, 71640 ],
    [ 136, 225, 259, 309, 334, 1261 ],
    [ 136, 297, 1881, 4488, 6664, 13464 ],
    [ 136, 399, 2527, 5984, 9044, 18088 ],
    [ 136, 870, 1037, 2175, 3179, 7395 ],
    [ 137, 335, 2211, 3014, 3484, 9179 ],
    [ 137, 365, 749, 806, 1306, 3361 ],
    [ 137, 469, 1206, 3014, 4355, 9179 ],
    [ 137, 484, 511, 806, 1425, 3361 ],
    [ 137, 804, 5360, 12461, 18760, 37520 ],
    [ 137, 941, 1613, 2150, 3898, 8737 ],
    [ 137, 943, 1123, 2201, 3279, 7681 ],
    [ 137, 1197, 2128, 6783, 10106, 20349 ],
    [ 137, 1213, 1393, 2876, 4224, 9841 ],
    [ 138, 1072, 3484, 4623, 9177, 18492 ],
    [ 138, 1222, 2783, 4277, 5635, 14053 ],
    [ 138, 1340, 4288, 5695, 11321, 22780 ],
    [ 138, 1624, 5278, 6969, 14007, 28014 ],
    [ 138, 2030, 6496, 8593, 17255, 34510 ],
    [ 139, 2323, 3689, 6149, 9975, 22273 ],
    [ 139, 3145, 5059, 8478, 13674, 30493 ],
    [ 139, 3264, 10336, 24071, 34544, 72352 ],
    [ 139, 4237, 13394, 31299, 44830, 93897 ],
    [ 140, 153, 1020, 2329, 3500, 7140 ],
    [ 140, 241, 1652, 2169, 2548, 6748 ],
    [ 140, 298, 1008, 1295, 2441, 5180 ],
    [ 140, 513, 1300, 3249, 5060, 10260 ],
    [ 140, 793, 2000, 5069, 8000, 16000 ],
    [ 141, 1018, 1805, 3101, 4258, 10321 ],
    [ 141, 2192, 3425, 3973, 9588, 19317 ],
    [ 141, 2329, 3014, 4247, 9588, 19317 ],
    [ 142, 266, 304, 639, 1349, 2698 ],
    [ 143, 160, 208, 715, 1064, 2288 ],
    [ 143, 169, 930, 1240, 1550, 4030 ],
    [ 143, 200, 340, 1019, 1500, 3200 ],
    [ 143, 336, 2240, 5291, 8008, 16016 ],
    [ 143, 609, 1265, 1639, 3045, 6699 ],
    [ 143, 896, 1680, 5291, 8008, 16016 ],
    [ 143, 2959, 6482, 9723, 16346, 35651 ],
    [ 144, 199, 304, 947, 1448, 3040 ],
    [ 144, 211, 352, 1055, 1616, 3376 ],
    [ 144, 301, 513, 549, 1204, 2709 ],
    [ 144, 319, 496, 1595, 2552, 5104 ],
    [ 144, 331, 544, 1703, 2720, 5440 ],
    [ 145, 265, 1508, 2059, 3710, 7685 ],
    [ 145, 500, 1429, 2215, 2858, 7145 ],
    [ 145, 705, 3948, 5499, 10150, 20445 ],
    [ 145, 893, 987, 1457, 3335, 6815 ],
    [ 145, 1128, 2397, 7191, 10714, 21573 ],
    [ 145, 2139, 3422, 5704, 9269, 20677 ],
    [ 146, 710, 2414, 3195, 6317, 12780 ],
    [ 146, 1150, 2659, 4097, 5391, 13441 ],
    [ 147, 248, 1715, 3968, 6076, 12152 ],
    [ 147, 256, 672, 1743, 2560, 5376 ],
    [ 147, 1495, 5208, 12201, 17554, 36603 ],
    [ 149, 165, 180, 655, 998, 2145 ],
    [ 149, 277, 603, 635, 1027, 2689 ],
    [ 149, 875, 1313, 1604, 3790, 7729 ],
    [ 149, 1897, 3065, 4086, 9046, 18241 ],
    [ 149, 2175, 6815, 15950, 24938, 50025 ],
    [ 149, 4261, 13371, 31297, 49076, 98152 ],
    [ 150, 230, 353, 1109, 1840, 3680 ],
    [ 150, 274, 990, 1275, 2413, 5100 ],
    [ 151, 204, 241, 297, 370, 1261 ],
    [ 151, 441, 525, 546, 1510, 3171 ],
    [ 151, 444, 3256, 7547, 11396, 22792 ],
    [ 151, 739, 837, 1231, 2805, 5761 ],
    [ 151, 3087, 7938, 22197, 33220, 66591 ],
    [ 151, 4144, 10656, 29747, 44696, 89392 ],
    [ 152, 370, 1406, 1665, 3439, 7030 ],
    [ 152, 598, 2242, 2691, 5681, 11362 ],
    [ 153, 250, 1850, 2499, 2900, 7650 ],
    [ 153, 251, 382, 593, 784, 2161 ],
    [ 153, 301, 414, 639, 1204, 2709 ],
    [ 153, 301, 802, 853, 1254, 3361 ],
    [ 153, 350, 1000, 2499, 3650, 7650 ],
    [ 153, 400, 520, 1989, 3060, 6120 ],
    [ 153, 553, 603, 1458, 2212, 4977 ],
    [ 154, 182, 334, 501, 1169, 2338 ],
    [ 154, 208, 265, 435, 453, 1513 ],
    [ 154, 377, 1056, 2639, 4070, 8294 ],
    [ 154, 500, 1800, 2375, 4673, 9500 ],
    [ 154, 683, 911, 1746, 2809, 6301 ],
    [ 154, 1595, 3798, 5697, 9647, 20889 ],
    [ 155, 1065, 3499, 5780, 6998, 17495 ],
    [ 155, 1210, 7713, 10284, 19205, 38565 ],
    [ 155, 1967, 5144, 14373, 21482, 43119 ],
    [ 155, 1985, 12673, 16949, 31760, 63520 ],
    [ 155, 2293, 7491, 9937, 12383, 32257 ],
    [ 155, 2432, 6384, 17783, 26752, 53504 ],
    [ 155, 2599, 8409, 11314, 14066, 36541 ],
    [ 156, 263, 1976, 4523, 6916, 13832 ],
    [ 157, 264, 1936, 4553, 6908, 13816 ],
    [ 157, 649, 1360, 1761, 3276, 7201 ],
    [ 157, 2323, 5111, 7589, 12855, 28033 ],
    [ 157, 2633, 5731, 8674, 14560, 31753 ],
    [ 158, 847, 4697, 6545, 12087, 24332 ],
    [ 158, 1001, 3311, 7777, 12087, 24332 ],
    [ 159, 219, 969, 1345, 1345, 4035 ],
    [ 159, 1085, 2945, 8215, 12243, 24645 ],
    [ 159, 1456, 3952, 10971, 16536, 33072 ],
    [ 159, 1517, 8527, 11875, 22076, 44152 ],
    [ 159, 2345, 3752, 6254, 12349, 24857 ],
    [ 160, 177, 334, 393, 451, 1513 ],
    [ 160, 179, 336, 1007, 1520, 3200 ],
    [ 160, 227, 1856, 2399, 2784, 7424 ],
    [ 160, 263, 368, 1315, 2104, 4208 ],
    [ 160, 273, 780, 1989, 3040, 6240 ],
    [ 161, 244, 342, 623, 745, 2113 ],
    [ 161, 295, 507, 1627, 2588, 5176 ],
    [ 161, 303, 851, 2323, 3333, 6969 ],
    [ 162, 229, 495, 1539, 2194, 4617 ],
    [ 162, 719, 985, 2024, 3169, 7057 ],
    [ 162, 1093, 4239, 9891, 14290, 29673 ],
    [ 162, 1264, 5372, 6715, 13349, 26860 ],
    [ 162, 1912, 8126, 10117, 20315, 40630 ],
    [ 163, 424, 1007, 3021, 4450, 9063 ],
    [ 163, 1922, 2723, 6726, 8809, 20341 ],
    [ 163, 1922, 3043, 5126, 10089, 20341 ],
    [ 163, 2083, 3365, 5609, 11055, 22273 ],
    [ 165, 235, 1518, 2079, 3760, 7755 ],
    [ 165, 343, 379, 631, 1173, 2689 ],
    [ 165, 380, 1249, 1955, 2498, 6245 ],
    [ 166, 266, 307, 327, 737, 1801 ],
    [ 166, 491, 1227, 1882, 2537, 6301 ],
    [ 166, 1393, 4835, 6556, 8113, 21061 ],
    [ 166, 1632, 2203, 5629, 7425, 17053 ],
    [ 167, 1021, 3886, 9123, 13174, 27369 ],
    [ 167, 1793, 11247, 14996, 28034, 56235 ],
    [ 167, 3129, 19597, 26185, 49076, 98152 ],
    [ 168, 235, 567, 1701, 2434, 5103 ],
    [ 169, 297, 660, 2079, 3034, 6237 ],
    [ 169, 433, 1066, 1365, 2598, 5629 ],
    [ 169, 497, 745, 1076, 2316, 4801 ],
    [ 169, 667, 1417, 2418, 4002, 8671 ],
    [ 169, 2002, 6507, 8676, 10845, 28197 ],
    [ 169, 2155, 6797, 18069, 27019, 54207 ],
    [ 169, 2324, 7304, 19421, 29216, 58432 ],
    [ 170, 201, 1105, 1474, 2747, 5695 ],
    [ 170, 242, 986, 1275, 2429, 5100 ],
    [ 170, 585, 2089, 3425, 4178, 10445 ],
    [ 170, 1169, 2171, 4675, 6012, 14195 ],
    [ 170, 1336, 1837, 4675, 6179, 14195 ],
    [ 170, 1427, 3358, 5121, 8647, 18721 ],
    [ 171, 202, 1111, 1482, 2793, 5757 ],
    [ 171, 217, 715, 1487, 2588, 5176 ],
    [ 171, 729, 841, 2466, 3364, 7569 ],
    [ 171, 841, 953, 1963, 3755, 7681 ],
    [ 173, 210, 433, 485, 814, 2113 ],
    [ 174, 235, 1972, 4523, 6902, 13804 ],
    [ 175, 279, 850, 2325, 3348, 6975 ],
    [ 175, 285, 1938, 2679, 4900, 9975 ],
    [ 175, 417, 442, 736, 1593, 3361 ],
    [ 175, 2418, 10535, 13299, 15890, 42315 ],
    [ 175, 3078, 12825, 28899, 44800, 89775 ],
    [ 175, 5353, 22275, 50249, 78050, 156100 ],
    [ 176, 217, 325, 369, 716, 1801 ],
    [ 176, 239, 304, 1195, 1912, 3824 ],
    [ 176, 246, 311, 325, 745, 1801 ],
    [ 176, 478, 695, 1521, 2173, 5041 ],
    [ 176, 913, 2522, 3783, 6479, 13871 ],
    [ 177, 221, 593, 604, 1000, 2593 ],
    [ 177, 2249, 5882, 7093, 15222, 30621 ],
    [ 177, 2422, 10207, 23009, 35636, 71449 ],
    [ 177, 4192, 17641, 39824, 61832, 123664 ],
    [ 178, 290, 1218, 1595, 3101, 6380 ],
    [ 178, 1226, 3415, 6041, 7443, 18301 ],
    [ 178, 2015, 2278, 6745, 9199, 20413 ],
    [ 179, 220, 2024, 2639, 3036, 8096 ],
    [ 179, 264, 2288, 5279, 8008, 16016 ],
    [ 181, 520, 569, 1447, 2146, 4861 ],
    [ 181, 1597, 4258, 5145, 10998, 22177 ],
    [ 181, 1607, 6963, 8749, 10535, 28033 ],
    [ 181, 2323, 10185, 12866, 15368, 40921 ],
    [ 182, 241, 266, 1133, 1820, 3640 ],
    [ 182, 537, 2327, 5369, 7876, 16289 ],
    [ 182, 1074, 3043, 5369, 6623, 16289 ],
    [ 182, 1079, 3777, 5036, 6295, 16367 ],
    [ 182, 1611, 1790, 5369, 7339, 16289 ],
    [ 182, 2785, 12038, 27221, 42224, 84448 ],
    [ 183, 442, 1025, 1829, 2452, 5929 ],
    [ 183, 560, 1760, 4819, 7320, 14640 ],
    [ 184, 394, 621, 1379, 1955, 4531 ],
    [ 185, 320, 1189, 1875, 2378, 5945 ],
    [ 185, 425, 1639, 2670, 3278, 8195 ],
    [ 185, 1629, 7059, 15928, 24614, 49413 ],
    [ 186, 260, 1144, 1495, 2897, 5980 ],
    [ 187, 265, 361, 498, 1044, 2353 ],
    [ 187, 1289, 1473, 4418, 6076, 13441 ],
    [ 187, 1836, 2570, 6425, 10829, 21845 ],
    [ 187, 2401, 8126, 10897, 19208, 40817 ],
    [ 188, 511, 790, 1673, 2649, 5809 ],
    [ 189, 293, 302, 541, 1030, 2353 ],
    [ 189, 643, 2862, 6741, 9790, 20223 ],
    [ 190, 624, 967, 2401, 3213, 7393 ],
    [ 191, 357, 1173, 3247, 4775, 9741 ],
    [ 191, 2451, 7918, 10558, 18665, 39781 ],
    [ 191, 3585, 11698, 15661, 27548, 58681 ],
    [ 193, 228, 2128, 4901, 7448, 14896 ],
    [ 193, 247, 285, 1253, 1976, 3952 ],
    [ 193, 463, 980, 1634, 2805, 6073 ],
    [ 193, 665, 2375, 6269, 9500, 19000 ],
    [ 193, 819, 2331, 2835, 5983, 12159 ],
    [ 193, 3213, 4158, 10773, 18142, 36477 ],
    [ 196, 241, 868, 2169, 3276, 6748 ],
    [ 196, 1501, 6972, 15833, 24500, 49000 ],
    [ 197, 359, 1187, 3285, 4829, 9855 ],
    [ 198, 423, 553, 1593, 2212, 4977 ],
    [ 198, 455, 2145, 4939, 7280, 15015 ],
    [ 198, 520, 845, 2079, 2795, 6435 ],
    [ 198, 587, 2739, 6457, 9392, 19371 ],
    [ 199, 315, 1080, 2985, 4378, 8955 ],
    [ 199, 1956, 3130, 7237, 12321, 24841 ],
    [ 200, 345, 1429, 2315, 2858, 7145 ],
    [ 202, 220, 1056, 1375, 2649, 5500 ],
    [ 204, 391, 530, 1325, 2057, 4505 ],
    [ 205, 208, 369, 1352, 2132, 4264 ],
    [ 205, 249, 266, 307, 776, 1801 ],
    [ 205, 946, 4797, 6149, 7298, 19393 ],
    [ 205, 1618, 7079, 10516, 12337, 31753 ],
    [ 206, 1935, 6823, 9166, 16193, 34321 ],
    [ 207, 1222, 1426, 4277, 6923, 14053 ],
    [ 207, 2452, 7969, 10626, 21045, 42297 ],
    [ 208, 223, 240, 1115, 1784, 3568 ],
    [ 208, 667, 975, 2821, 4002, 8671 ],
    [ 209, 533, 1640, 2009, 4180, 8569 ],
    [ 209, 1233, 2260, 4931, 8422, 17053 ],
    [ 209, 1645, 1851, 5552, 9046, 18301 ],
    [ 211, 897, 4002, 10005, 14902, 30015 ],
    [ 211, 1035, 1932, 4209, 7174, 14559 ],
    [ 211, 1311, 1449, 4416, 7174, 14559 ],
    [ 211, 1319, 5901, 14647, 22076, 44152 ],
    [ 211, 1873, 6035, 8117, 16023, 32257 ],
    [ 211, 2291, 7498, 9998, 19785, 39781 ],
    [ 212, 1257, 4399, 5866, 10475, 22207 ],
    [ 213, 913, 4705, 6040, 7164, 19033 ],
    [ 215, 226, 353, 396, 973, 2161 ],
    [ 215, 395, 3433, 4649, 8690, 17380 ],
    [ 217, 2769, 7242, 12993, 23002, 46221 ],
    [ 217, 3408, 5325, 14271, 23002, 46221 ],
    [ 219, 236, 1022, 1357, 1475, 4307 ],
    [ 219, 295, 767, 1022, 2006, 4307 ],
    [ 219, 862, 1006, 2945, 4811, 9841 ],
    [ 221, 357, 530, 1325, 2074, 4505 ],
    [ 221, 469, 2283, 2971, 3659, 9601 ],
    [ 221, 544, 870, 2175, 3587, 7395 ],
    [ 221, 947, 3496, 4662, 8377, 17701 ],
    [ 221, 1385, 5248, 7071, 12538, 26461 ],
    [ 221, 2401, 5457, 13532, 19208, 40817 ],
    [ 222, 376, 2162, 2647, 5405, 10810 ],
    [ 223, 249, 352, 586, 1185, 2593 ],
    [ 223, 409, 944, 1574, 2925, 6073 ],
    [ 223, 732, 1318, 3001, 5049, 10321 ],
    [ 223, 881, 4185, 6166, 7268, 18721 ],
    [ 223, 2194, 3510, 9433, 15135, 30493 ],
    [ 223, 2421, 12985, 18046, 20688, 54361 ],
    [ 223, 3942, 20367, 48837, 73144, 146511 ],
    [ 223, 4185, 9031, 22466, 31718, 67621 ],
    [ 223, 4599, 23652, 56721, 84970, 170163 ],
    [ 223, 5280, 27280, 65339, 98120, 196240 ],
    [ 223, 6160, 31680, 75899, 113960, 227920 ],
    [ 223, 9059, 46621, 111802, 167703, 335406 ],
    [ 224, 859, 4544, 10391, 16016, 32032 ],
    [ 225, 260, 1189, 1895, 2378, 5945 ],
    [ 226, 358, 1275, 2081, 2663, 6601 ],
    [ 229, 2477, 13060, 31299, 46834, 93897 ],
    [ 229, 2487, 5426, 13564, 19217, 40921 ],
    [ 229, 3164, 16724, 40001, 60116, 120232 ],
    [ 230, 265, 1249, 2005, 2498, 6245 ],
    [ 231, 991, 4116, 5565, 9910, 20811 ],
    [ 232, 401, 573, 1603, 2234, 5041 ],
    [ 233, 413, 1376, 1697, 3484, 7201 ],
    [ 233, 1147, 3211, 5734, 10090, 20413 ],
    [ 235, 499, 1697, 2429, 4359, 9217 ],
    [ 235, 1001, 2849, 5082, 8930, 18095 ],
    [ 235, 1232, 2079, 5621, 8930, 18095 ],
    [ 235, 1617, 8778, 21021, 31414, 63063 ],
    [ 237, 545, 856, 2179, 3578, 7393 ],
    [ 238, 2235, 5176, 12821, 18233, 38701 ],
    [ 239, 1886, 6130, 10137, 18151, 36541 ],
    [ 240, 413, 2360, 5369, 8140, 16520 ],
    [ 240, 433, 2440, 5549, 8420, 17080 ],
    [ 240, 713, 4040, 9269, 14260, 28520 ],
    [ 241, 1666, 9282, 22133, 33320, 66640 ],
    [ 242, 1195, 6931, 9559, 10994, 28919 ],
    [ 242, 1673, 3824, 9559, 13623, 28919 ],
    [ 243, 881, 3364, 4486, 8729, 17701 ],
    [ 245, 2418, 5320, 13299, 21035, 42315 ],
    [ 247, 289, 1045, 1311, 2601, 5491 ],
    [ 247, 3169, 6826, 17064, 27057, 54361 ],
    [ 250, 309, 989, 1853, 2410, 5809 ],
    [ 250, 346, 1359, 2297, 2891, 7141 ],
    [ 251, 945, 4078, 5521, 9848, 20641 ],
    [ 253, 917, 5585, 7668, 8836, 23257 ],
    [ 253, 1496, 6482, 9723, 17699, 35651 ],
    [ 253, 1585, 3921, 9676, 13848, 29281 ],
    [ 253, 4482, 27639, 64491, 96610, 193473 ],
    [ 253, 6000, 37000, 86249, 129500, 259000 ],
    [ 253, 7771, 47879, 111802, 167703, 335406 ],
    [ 257, 299, 1127, 1403, 2827, 5911 ],
    [ 257, 1015, 3553, 5836, 10402, 21061 ],
    [ 262, 288, 619, 1453, 2001, 4621 ],
    [ 265, 303, 848, 1414, 2525, 5353 ],
    [ 265, 523, 697, 2178, 3396, 7057 ],
    [ 265, 917, 5633, 13361, 20174, 40348 ],
    [ 266, 835, 3823, 5186, 9273, 19381 ],
    [ 267, 305, 854, 1424, 2581, 5429 ],
    [ 271, 623, 3916, 9345, 13882, 28035 ],
    [ 271, 983, 2502, 6254, 9025, 19033 ],
    [ 272, 603, 3819, 9112, 13532, 27336 ],
    [ 272, 807, 5111, 12104, 18292, 36584 ],
    [ 273, 361, 1218, 2121, 3610, 7581 ],
    [ 273, 991, 2793, 6846, 9910, 20811 ],
    [ 275, 814, 3798, 5697, 10307, 20889 ],
    [ 277, 353, 2235, 2863, 3491, 9217 ],
    [ 277, 601, 3824, 9123, 13546, 27369 ],
    [ 279, 1195, 2942, 7354, 11489, 23257 ],
    [ 283, 1065, 2971, 7286, 10538, 22141 ],
    [ 287, 946, 2460, 6149, 9553, 19393 ],
    [ 289, 457, 743, 2228, 3426, 7141 ],
    [ 295, 324, 778, 1717, 2817, 5929 ],
    [ 295, 409, 701, 2102, 3096, 6601 ],
    [ 298, 935, 2756, 6741, 9793, 20521 ],
    [ 299, 345, 394, 1379, 2116, 4531 ],
    [ 299, 376, 430, 1477, 2281, 4861 ],
    [ 301, 3267, 17226, 24057, 44548, 89397 ],
    [ 301, 3861, 12177, 28512, 44548, 89397 ],
    [ 306, 505, 3737, 5049, 5858, 15453 ],
    [ 306, 707, 2020, 5049, 7373, 15453 ],
    [ 307, 391, 1781, 2477, 4647, 9601 ],
    [ 307, 2426, 13039, 18194, 33657, 67621 ],
    [ 311, 2458, 7988, 18741, 29185, 58681 ],
    [ 319, 473, 2522, 3783, 6776, 13871 ],
    [ 321, 353, 388, 1411, 2150, 4621 ],
    [ 323, 522, 4089, 9541, 14150, 28623 ],
    [ 326, 615, 3463, 4726, 8513, 17641 ],
    [ 329, 1301, 7480, 10407, 19186, 38701 ],
    [ 331, 1199, 6976, 9701, 17874, 36079 ],
    [ 331, 1417, 4905, 11554, 17874, 36079 ],
    [ 336, 361, 861, 2415, 3610, 7581 ],
    [ 337, 1333, 4665, 10996, 16992, 34321 ],
    [ 351, 926, 5671, 7870, 14465, 29281 ],
    [ 358, 675, 2416, 5861, 8633, 17941 ],
    [ 363, 958, 3592, 8501, 13049, 26461 ],
    [ 395, 626, 4303, 5946, 10873, 22141 ],
    [ 401, 505, 3508, 4811, 8718, 17941 ],
    [ 415, 658, 2796, 6661, 10113, 20641 ],
    [ 417, 551, 3994, 5509, 10052, 20521 ],
    [ 433, 545, 2381, 5736, 8548, 17641 ],
    [ 441, 583, 2623, 6266, 9470, 19381 ]
];